证券代码,名称,报告期,报告类型,营业收入,营业收入同比%,归母净利润,归母净利润同比%,毛利,毛利率%,净利率%,ROE%,ROA%,基本EPS,每股净资产,每股股息HKD,股息率%,报告期市值,报告期PE_TTM,报告期PB,资产负债率%,经营现金流净额,期末现金,报告期类型
02555.HK,茶百道,2026-06-30,2026年中报,2654769000.0,6.209877778,336324000.0,3.1975771932,797468000.0,30.039073079428,12.9852729183,8.549423031387,7.080741536323,0.228,2.633982665196,0.402981,9.158659090909,6501590700.0,7.05929624946,1.450890338231,15.867339772,,,2
02555.HK,茶百道,2025-12-31,2025年年报,5395068000.0,9.7005142541,804897000.0,70.4625739119,1753839000.0,32.508190814277,15.2241825312,20.416222091987,15.593393909313,0.547,2.690581921744,0.402981,9.065939257593,6568084241.25,7.370415156699,1.465728989417,16.7874188828,680407000.0,3071435000.0,1
02555.HK,茶百道,2025-06-30,2025年中报,2499550000.0,4.3292321781,325903000.0,37.4845494775,814762000.0,32.596347342522,13.3189174051,8.453949292595,6.217427485317,0.221,2.572284717954,0.402981,9.065939257593,6568084241.25,7.370415156699,1.465728989417,23.1479360384,280295000.0,3243920000.0,2
02555.HK,茶百道,2024-12-31,2024年年报,4917997000.0,-13.7844965217,472184000.0,-58.5516642659,1534679000.0,31.205366737719,9.7544996469,19.955974495891,11.007293569828,0.336,2.645567399375,0.402981,9.065939257593,6568084241.25,7.370415156699,1.492172703442,28.3999004728,344023000.0,3559917000.0,1
02555.HK,茶百道,2024-06-30,2024年中报,2395829000.0,-9.9549705134,237047000.0,-59.6963029965,760056000.0,31.724133901042,9.9601432323,9.677874376294,5.540300675841,0.178,2.758236688138,0.402981,9.065939257593,6568084241.25,7.370415156699,1.492172703442,25.1745758304,53777000.0,3134975000.0,2
02555.HK,茶百道,2023-12-31,2023年年报,5704307000.0,34.8003743203,1139211000.0,19.3746096681,1963782000.0,34.426302791908,20.1738791408,154.606494848649,47.781667736906,0.981,0.557022822123,0.402981,9.065939257593,6568084241.25,7.370415156699,1.492172703442,72.5604748407,1387965000.0,715989000.0,1
02555.HK,茶百道,2023-06-30,2023年中报,2660701000.0,,588152000.0,,933812000.0,35.096465179665,22.376133207,,,0.549,,0.402981,9.065939257593,6568084241.25,7.370415156699,1.492172703442,,725925000.0,1067631000.0,2
02555.HK,茶百道,2023-03-31,2023年一季报,1246192000.0,52.9569159996,281637000.0,50.0887304353,438706000.0,35.203724626703,22.8771328977,51.660304748418,17.952006363966,0.282,0.297588527066,0.402981,9.065939257593,6568084241.25,7.370415156699,1.492172703442,68.7107581859,304878000.0,32353000.0,3
02555.HK,茶百道,2022-12-31,2022年年报,4231670000.0,16.120398144,954316000.0,26.2630058109,1456189000.0,34.411686166454,22.7985405289,201.563394352602,69.881416673135,0.954,0.440308554028,0.402981,9.065939257593,6568084241.25,7.370415156699,1.492172703442,60.6266311091,1185939000.0,226031000.0,1
02555.HK,茶百道,2022-03-31,2022年一季报,814734000.0,,187647000.0,,285041000.0,34.98577449818,23.2225487091,,,0.188,,0.402981,9.065939257593,6568084241.25,7.370415156699,1.492172703442,,110157000.0,450700000.0,3
02555.HK,茶百道,2021-12-31,2021年年报,3644209000.0,237.3970808123,755816000.0,276.8227504786,1301040000.0,35.701574745027,21.3631270874,347.381024058315,87.585194730399,0.762,0.200522558272,0.402981,9.065939257593,6568084241.25,7.370415156699,1.492172703442,71.2855562127,1270093000.0,128138000.0,1
02555.HK,茶百道,2020-12-31,2020年年报,1080095000.0,,200576000.0,,396726000.0,36.730657951384,22.0484309251,144.453086739838,29.602735702721,0.293,0.093969126663,0.402981,9.065939257593,6568084241.25,7.370415156699,1.492172703442,78.7360215125,490006000.0,128238000.0,1
02097.HK,蜜雪集团,2026-06-30,2026年中报,15215804000.0,2.292432797,2296314000.0,-14.7265905253,4629693000.0,30.426870640552,15.2425202112,8.973476919552,7.213373235382,6.05,70.415350873034,,,80327338080.0,12.938437679699,2.610015823558,17.6771362028,,,2
02097.HK,蜜雪集团,2025-12-31,2025年年报,33559923000.0,35.164901155,5886704000.0,32.6879002025,10451762000.0,31.143581586883,17.6611758019,29.878291231095,23.278210130003,15.65,64.404178612861,,,94373233680.0,15.200829901574,3.06639855263,19.5653061307,6039033000.0,7429100000.0,1
02097.HK,蜜雪集团,2025-06-30,2025年中报,14874809000.0,39.315667037,2692884000.0,42.8996560284,4706373000.0,31.639888619746,18.2739422066,14.875444000448,11.440526264786,7.23,55.977849358356,,,94373233680.0,15.200829901574,3.06639855263,21.6592561935,3275383000.0,8405472000.0,2
02097.HK,蜜雪集团,2024-12-31,2024年年报,24828874000.0,22.2948740461,4436504000.0,41.409684188,8060207000.0,32.463038799101,17.9396093435,34.847339492663,25.8109692768,12.32,39.396149505767,,,94373233680.0,15.200829901574,3.06639855263,23.8711274072,6008708000.0,4335123000.0,1
02097.HK,蜜雪集团,2024-09-30,2024年三季报,18659671000.0,21.2192126355,3486065000.0,45.2011014419,6040422000.0,32.371535382376,18.7086471139,28.448046418251,20.991603545251,9.68,36.882520043791,,,94373233680.0,15.200829901574,3.06639855263,24.2967029644,5100754000.0,5980396000.0,4
02097.HK,蜜雪集团,2024-06-30,2024年中报,10677054000.0,,1884458000.0,,3402695000.0,31.869230969517,17.6724684543,,,5.23,,,,94373233680.0,15.200829901574,3.06639855263,,2832863000.0,5246351000.0,2
02097.HK,蜜雪集团,2023-12-31,2023年年报,20302465000.0,49.5513965999,3137341000.0,57.1251280228,5998967000.0,29.547973608131,15.6956556753,34.934472969369,25.57032456438,8.71,27.677746729087,,,94373233680.0,15.200829901574,3.06639855263,27.396326573,3793872000.0,5621904000.0,1
02097.HK,蜜雪集团,2023-09-30,2023年三季报,15393328000.0,46.0018741867,2400853000.0,48.4797978424,4575639000.0,29.724819740085,15.9340397346,27.888096025488,19.977465935857,6.67,25.719129294966,,,94373233680.0,15.200829901574,3.06639855263,30.0676815288,3091691000.0,3759213000.0,4
02097.HK,蜜雪集团,2022-12-31,2022年年报,13575577000.0,31.1525008342,1996715000.0,4.5202974726,3846837000.0,28.336453028847,14.8287693407,30.738440573513,23.13457525919,5.55,19.636269331234,,,94373233680.0,15.200829901574,3.06639855263,24.7963873792,2430631000.0,2764138000.0,1
02097.HK,蜜雪集团,2022-09-30,2022年三季报,10543240000.0,,1616956000.0,,2971227000.0,28.181346531047,15.3977145545,,,4.49,,,,94373233680.0,15.200829901574,3.06639855263,,2378978000.0,3370977000.0,4
02097.HK,蜜雪集团,2021-12-31,2021年年报,10350986000.0,,1910361000.0,,3243862000.0,31.338676334796,18.471109902,34.499546804961,26.110729851075,5.32,14.586608987753,,,94373233680.0,15.200829901574,3.06639855263,24.2424842986,1692389000.0,2675827000.0,1
01364.HK,古茗,2026-06-30,2026年中报,7470015000.0,31.9113832761,1570785000.0,-3.3644360749,2492541000.0,33.367282395015,20.993304565,25.912347529668,9.776128685155,0.66,2.693578965193,1.18,4.436090225564,62214672436.0,17.937780803247,8.577223945741,59.2269881488,,,2
01364.HK,古茗,2025-12-31,2025年年报,12913774000.0,46.8917362568,3109118000.0,110.2876753374,4262183000.0,33.004937208906,24.1253176647,78.810391018035,26.4324972882,1.34,2.489989022435,1.18,4.686258935663,58893438042.8,16.980200023525,8.119342065931,64.912078925,2408612000.0,3885797000.0,1
01364.HK,古茗,2025-06-30,2025年中报,5662904000.0,41.2423400983,1625473000.0,121.5123322618,1785968000.0,31.538023600612,28.7214475117,38.617102279409,18.527184607056,0.72,2.715859548627,1.18,4.686258935663,58893438042.8,16.980200023525,8.119342065931,40.3578454127,1340144000.0,3257355000.0,2
01364.HK,古茗,2024-12-31,2024年年报,8791355000.0,14.5354181038,1478507000.0,36.9459665737,2687485000.0,30.569633463784,16.985072267,111.615549100984,24.585310874255,0.71,0.883447451347,1.18,4.686258935663,58893438042.8,16.980200023525,8.119342065931,69.2781071286,1320566000.0,1865238000.0,1
01364.HK,古茗,2024-09-30,2024年三季报,6441288000.0,15.6242045694,1106491000.0,11.763042242,1964382000.0,30.496726741608,17.3842250184,97.710258689241,19.237169190584,,0.719077697404,1.18,4.686258935663,58893438042.8,16.980200023525,8.119342065931,72.7962796199,1128514000.0,1677868000.0,4
01364.HK,古茗,2024-06-30,2024年中报,4009353000.0,,733807000.0,,1266887000.0,31.598290297711,18.458414612,,,0.39,,1.18,4.686258935663,58893438042.8,16.980200023525,8.119342065931,,615490000.0,2290058000.0,2
01364.HK,古茗,2023-12-31,2023年年报,7675665000.0,38.0708487627,1079628000.0,194.4822826968,2403331000.0,31.311046013603,14.2835050774,-865.814988572116,26.381920691347,0.58,0.249259324092,1.18,4.686258935663,58893438042.8,16.980200023525,8.119342065931,88.0552206328,1573306000.0,2357961000.0,1
01364.HK,古茗,2023-09-30,2023年三季报,5570882000.0,33.8614054568,990033000.0,265.7063808096,1726413000.0,30.989940192594,17.9870440623,-302.042839840258,27.110539952758,,0.075601433164,1.18,4.686258935663,58893438042.8,16.980200023525,8.119342065931,95.2102996255,1206286000.0,1857204000.0,4
01364.HK,古茗,2022-12-31,2022年年报,5559222000.0,26.8099348046,366619000.0,1720.4429216942,1562932000.0,28.114221738222,6.6920335256,-35.792587530357,14.447538371083,,-0.355886486789,1.18,4.686258935663,58893438042.8,16.980200023525,8.119342065931,126.9353981098,1011162000.0,1114468000.0,1
01364.HK,古茗,2022-09-30,2022年三季报,4161679000.0,,270718000.0,,1156539000.0,27.790201983382,6.619131365,,,,,1.18,4.686258935663,58893438042.8,16.980200023525,8.119342065931,,755138000.0,867485000.0,4
01364.HK,古茗,2021-12-31,2021年年报,4383901000.0,,20139000.0,,1313705000.0,29.966575431334,0.5472751324,-1.655904942719,0.985515047712,,-0.519985600395,1.18,4.686258935663,58893438042.8,16.980200023525,8.119342065931,159.0071446048,267470000.0,151808000.0,1
02145.HK,上美股份,2026-06-30,2026年中报,3756467000.0,-8.5573007407,108179000.0,-79.3612970184,2881512000.0,76.708034437678,3.345457314,4.061074347667,2.279802027563,0.27,6.426301760741,1.403938,6.23418294849,8969197386.92,11.640718058206,3.043701763196,40.6524176021,,,2
02145.HK,上美股份,2025-12-31,2025年年报,9177796000.0,35.1162558568,1102574000.0,41.1376015258,7014655000.0,76.430713866379,12.5761457326,44.464500856464,25.749231924523,2.77,6.950331557081,1.403938,6.23418294849,8969197386.92,11.640718058206,3.043701763196,42.1319257389,1205198000.0,802308000.0,1
02145.HK,上美股份,2025-06-30,2025年中报,4108001000.0,17.2910624974,524156000.0,30.6473844651,3102424000.0,75.521500603335,13.5248263085,22.689134922514,13.882211387256,1.32,6.099117390345,1.403938,6.025484978541,9279853424.3,12.043904562886,3.149123049843,36.663413302,385634000.0,660909000.0,2
02145.HK,上美股份,2024-12-31,2024年年报,6792518000.0,62.084478421,781205000.0,69.4205645581,5109387000.0,75.220809131459,11.8262034786,37.198254188348,23.231397752766,1.96,5.501668837388,1.403938,6.23418294849,8969197386.92,11.640718058206,3.043701763196,37.8671004842,546952000.0,459449000.0,1
02145.HK,上美股份,2024-06-30,2024年中报,3502399000.0,120.7172683079,401199000.0,297.3644332194,2679879000.0,76.515525501235,11.7755001643,19.502623527456,12.16528515642,1.01,5.285949611182,1.403938,6.025484978541,9279853424.3,7.601983367916,3.149123049843,38.691867894,217281000.0,569386000.0,2
02145.HK,上美股份,2023-12-31,2023年年报,4190727000.0,56.6433088093,461104000.0,213.4544268001,3019452000.0,72.050792141793,11.016298604,24.829771342998,14.6977270199,1.16,5.04431876881,1.403938,6.025484978541,9279853424.3,7.601983367916,3.149123049843,35.1441610546,746164000.0,697689000.0,1
02145.HK,上美股份,2023-06-30,2023年中报,1586826000.0,25.6997419189,100965000.0,54.5248626395,1095485000.0,69.03623963812,6.3609998828,5.883736115615,3.383656701862,0.25,4.335970005155,1.403938,6.025484978541,9279853424.3,7.601983367916,3.149123049843,38.3612843742,171643000.0,581014000.0,2
02145.HK,上美股份,2022-12-31,2022年年报,2675331000.0,-26.0729971301,147104000.0,-56.592020349,1699632000.0,63.529783791239,5.1238519645,11.081009316156,5.427961544067,0.41,4.28115639154,1.403938,6.025484978541,9279853424.3,7.601983367916,3.149123049843,45.7461644859,36561000.0,1147708000.0,1
02145.HK,上美股份,2022-06-30,2022年中报,1262394000.0,-31.0814219219,65339000.0,-62.5785353058,819542000.0,64.91966850286,4.9731700246,7.421179990221,2.962818193814,0.18,2.036020305076,1.403938,6.025484978541,9279853424.3,7.601983367916,3.149123049843,61.5520813095,-74558000.0,114965000.0,2
02145.HK,上美股份,2021-12-31,2021年年报,3618882000.0,7.0158115916,338887000.0,66.5644337624,2360639000.0,65.231168078981,9.3612060299,44.329956243909,15.065491166522,0.94,2.385222016766,1.403938,6.025484978541,9279853424.3,7.601983367916,3.149123049843,58.0122423516,335193000.0,145208000.0,1
02145.HK,上美股份,2021-09-30,2021年三季报,2595649000.0,12.7386247155,247449000.0,81.7914000455,1692102000.0,65.189939009473,9.5605376536,34.543440523828,11.023273032141,0.69,2.143563555423,1.403938,6.025484978541,9279853424.3,7.601983367916,3.149123049843,61.8800010242,179173000.0,105719000.0,4
02145.HK,上美股份,2021-06-30,2021年中报,1831718000.0,,174603000.0,,1219840000.0,66.595403877671,9.5133639567,,,0.49,,1.403938,6.025484978541,9279853424.3,7.601983367916,3.149123049843,,174081000.0,113481000.0,2
02589.HK,沪上阿姨,2026-06-30,2026年中报,2589445000.0,42.397609847,321225000.0,58.3184654358,818335000.0,31.602717956937,12.4051679028,15.743533682634,10.265893759145,3.05,20.490096196858,4.2032108,5.091715081769,8684509301.0,12.36430487967,3.499193064354,34.2131886745,287349000.0,1381627000.0,2
02589.HK,沪上阿姨,2025-12-31,2025年年报,4465644000.0,35.9580049297,501317000.0,52.4079518197,1404229000.0,31.445162220723,11.2260851962,32.247444590856,20.727531103163,4.81,18.298932863334,4.2032108,5.091715081769,8684509301.0,12.36430487967,3.499193064354,35.4301263892,752983000.0,1208354000.0,1
02589.HK,沪上阿姨,2025-06-30,2025年中报,1818461000.0,9.7044522201,202898000.0,20.9230530839,571544000.0,31.43009390908,11.1576767387,14.162357075001,9.559684777006,1.97,15.980795988556,4.2032108,5.091715081769,8684509301.0,12.36430487967,3.499193064354,29.6287909388,223162000.0,987471000.0,2
02589.HK,沪上阿姨,2024-12-31,2024年年报,3284576000.0,-1.900274207,328931000.0,-15.2025511598,1027319000.0,31.277065898308,10.0144128192,32.518245920155,19.326929235087,3.22,11.255247235298,4.2032108,5.208439653036,8489883714.0,12.087212644329,3.420773837594,36.1948029484,420544000.0,342659000.0,1
02589.HK,沪上阿姨,2024-06-30,2024年中报,1657600000.0,6.0263466772,167791000.0,-12.3023692174,517889000.0,31.243303571429,10.1225265444,18.311267872314,10.690889605547,1.65,9.445394248188,4.2032108,5.208439653036,8489883714.0,12.087212644329,3.420773837594,37.5384851346,158259000.0,241305000.0,2
02589.HK,沪上阿姨,2023-12-31,2023年年报,3348201000.0,52.2598175084,387902000.0,159.5182979862,1017351000.0,30.385003767695,11.5853857041,64.459961580133,31.367491026065,4.02,7.974761561027,4.2032108,5.208439653036,8489883714.0,12.087212644329,3.420773837594,45.8058019003,592821000.0,631310000.0,1
02589.HK,沪上阿姨,2023-09-30,2023年三季报,2535029000.0,54.1424941369,323727000.0,188.7017087005,789772000.0,31.15435760301,12.7701497695,54.443264406207,27.514493412626,3.4,7.838672311879,4.2032108,5.208439653036,8489883714.0,12.087212644329,3.420773837594,42.2489553154,435608000.0,289010000.0,4
02589.HK,沪上阿姨,2023-06-30,2023年中报,1563385000.0,,191329000.0,,478510000.0,30.607304023001,12.2381243264,,,2.04,,4.2032108,5.208439653036,8489883714.0,12.087212644329,3.420773837594,,361672000.0,395576000.0,2
02589.HK,沪上阿姨,2022-12-31,2022年年报,2199005000.0,34.0495427452,149470000.0,79.2227724553,586279000.0,26.661103544558,6.7971650815,52.004307307985,19.568118903782,1.59,3.465442341864,4.2032108,5.208439653036,8489883714.0,12.087212644329,3.420773837594,60.59479353,267773000.0,193014000.0,1
02589.HK,沪上阿姨,2022-09-30,2022年三季报,1644601000.0,,112132000.0,,433345000.0,26.34955226222,6.8181887278,,,1.2,,4.2032108,5.208439653036,8489883714.0,12.087212644329,3.420773837594,,204680000.0,128047000.0,4
02589.HK,沪上阿姨,2021-12-31,2021年年报,1640442000.0,,83399000.0,,357533000.0,21.794918686549,5.0839346956,39.664323558227,13.842295524935,0.9,1.998630837784,4.2032108,5.208439653036,8489883714.0,12.087212644329,3.420773837594,65.1013952006,172024000.0,53184000.0,1
01405.HK,达势股份,2026-06-30,2026年中报,3133808000.0,20.8382850246,81045000.0,22.9370183848,2268364000.0,72.383630394715,2.5861507789,3.269135200896,1.394695099207,0.62,19.159735227486,,,4538231774.48,25.472551403063,1.563048948455,57.7964568832,504905000.0,934506000.0,2
01405.HK,达势股份,2025-12-31,2025年年报,5382047000.0,24.7550064405,141932000.0,157.1464806595,3913042000.0,72.705459465516,2.6371378771,6.065944473435,2.697630279328,1.08,18.510985144567,,,4922559987.4,31.32594927021,1.695418522976,56.8518066919,892899000.0,1001311000.0,1
01405.HK,达势股份,2025-06-30,2025年中报,2593390000.0,27.0359806041,65924000.0,504.4191803429,1886571000.0,72.745364175847,2.5420010103,2.879211060182,1.304195666543,0.5,17.748756221079,,,4922559987.4,27.629739630933,1.695418522976,55.3621355142,361146000.0,1016636000.0,2
01405.HK,达势股份,2024-12-31,2024年年报,4314093000.0,41.412521327,55195000.0,307.4766003834,3144294000.0,72.88424241202,1.2794114545,2.542164254808,1.223580758824,0.42,17.043342694603,,,4922559987.4,31.32594927021,1.695418522976,53.9956104498,818421000.0,1069102000.0,1
01405.HK,达势股份,2024-06-30,2024年中报,2041461000.0,48.3221081541,10907000.0,24.6371843218,1483650000.0,72.675892412346,0.5342742281,0.512629499814,0.251673883995,0.08,16.381980474878,,,4922559987.4,31.32594927021,1.695418522976,52.3159194402,376809000.0,1089066000.0,2
01405.HK,达势股份,2023-12-31,2023年年报,3050715000.0,50.9665284203,-26603000.0,88.0506845377,2213919000.0,72.570495769025,-0.8720250826,-1.865400581154,-0.717510293493,-0.22,15.948510450041,,,4922559987.4,31.32594927021,1.695418522976,49.3667377836,536086000.0,587038000.0,1
01405.HK,达势股份,2023-06-30,2023年中报,1376370000.0,51.4509968761,8751000.0,109.1657501964,995924000.0,72.358740745584,0.6358028728,0.611510100119,0.243997680753,0.08,16.023263952475,,,4922559987.4,31.32594927021,1.695418522976,45.971086819,174758000.0,1028891000.0,2
01405.HK,达势股份,2022-12-31,2022年年报,2020789000.0,25.4114776206,-222632000.0,52.7383810658,1471068000.0,72.796714550604,-11.0170829315,-26.023581503704,-6.922310718261,-2.34,5.721997308737,,,4922559987.4,31.32594927021,1.695418522976,76.965900204,298213000.0,544247000.0,1
01405.HK,达势股份,2022-06-30,2022年中报,908789000.0,18.5543448058,-95475000.0,53.4774367395,661596000.0,72.799736792589,-10.5057389559,-10.55480872553,-3.046386438467,-1.0,6.467526547465,,,4922559987.4,31.32594927021,1.695418522976,72.5879342614,167573000.0,576944000.0,2
01405.HK,达势股份,2021-12-31,2021年年报,1611327000.0,45.9465261179,-471063000.0,-71.8894362343,1185747000.0,73.588228832509,-29.2344756837,-46.363053883198,-16.211659476788,-5.42,7.277636004782,,,4922559987.4,31.32594927021,1.695418522976,69.7132571156,332089000.0,656672000.0,1
01405.HK,达势股份,2021-06-30,2021年中报,766559000.0,,-205223000.0,,562985000.0,73.443140058365,-26.7719771081,,,-2.38,,,,4922559987.4,31.32594927021,1.695418522976,,157475000.0,461701000.0,2
01405.HK,达势股份,2020-12-31,2020年年报,1104053000.0,31.9644669262,-274050000.0,-50.9501514734,793548000.0,71.875897262179,-24.8221779208,-22.72354143968,-11.204297413281,-3.21,8.161306129906,,,4922559987.4,31.32594927021,1.695418522976,59.4450669683,103543000.0,257390000.0,1
06862.HK,海底捞,2026-06-30,2026年中报,22336906000.0,7.8905897776,1766871000.0,0.4746022945,13047669000.0,58.41305416247,7.8971501246,17.866029577061,8.172975358322,0.33,1.751916038751,0.722,5.9375,67779840000.0,14.767730426021,6.028581145662,53.7835298052,,,2
06862.HK,海底捞,2025-12-31,2025年年报,43225355000.0,1.1008570826,4049824000.0,-13.9814837628,25699169000.0,59.45392235645,9.3507271369,39.611485404294,18.050779226947,0.75,1.796543236455,0.722,6.327782646801,63599340000.0,13.856891789547,5.656752538816,54.7078157094,5664189000.0,3950920000.0,1
06862.HK,海底捞,2025-06-30,2025年中报,20703294000.0,-3.6648483314,1758525000.0,-13.7184912603,12459798000.0,60.182683972898,8.4748639516,17.57505910198,8.012176512687,0.32,1.718299784715,0.722,6.327782646801,63599340000.0,13.856891789547,5.656752538816,54.7049202571,2626232000.0,4756057000.0,2
06862.HK,海底捞,2024-12-31,2024年年报,42754687000.0,3.1392856374,4708084000.0,4.6454830765,26543610000.0,62.083509113282,10.9935970295,42.877897075211,19.840948640021,0.87,1.871868317187,0.722,6.327782646801,63599340000.0,13.856891789547,5.656752538816,54.2716365475,7634465000.0,6406880000.0,1
06862.HK,海底捞,2024-06-30,2024年中报,21490903000.0,13.7936521166,2038125000.0,-9.7396782714,13103691000.0,60.973198752979,9.4602958284,19.336997048917,8.144409831938,0.38,1.71392662361,0.722,6.327782646801,63599340000.0,13.856891789547,5.656752538816,62.4037857428,3671759000.0,8424923000.0,2
06862.HK,海底捞,2023-12-31,2023年年报,41453348000.0,33.5540346267,4499080000.0,227.3303227337,24507134000.0,59.119794135808,10.8444775076,47.434089638292,19.511948448952,0.83,2.06792787944,0.722,6.327782646801,63599340000.0,13.856891789547,5.656752538816,53.3292501786,9000350000.0,6475515000.0,1
06862.HK,海底捞,2023-06-30,2023年中报,18885854000.0,24.6140931803,2258052000.0,948.0691659969,11200834000.0,59.308062002386,11.9607299728,26.971632599639,10.134325187747,0.42,1.668589163976,0.722,6.327782646801,63599340000.0,13.856891789547,5.656752538816,59.716950423,4934371000.0,7908774000.0,2
06862.HK,海底捞,2022-12-31,2022年年报,31038634000.0,-20.6106587899,1374477000.0,133.0151146661,18132213000.0,58.418205517678,4.4242153182,17.899461424908,5.557861541708,0.25,1.335340330104,0.722,6.327782646801,63599340000.0,13.856891789547,5.656752538816,65.2220808143,6152295000.0,6300826000.0,1
06862.HK,海底捞,2022-06-30,2022年中报,15155472000.0,-16.5729762403,-266258000.0,-381.6680595373,8679061000.0,57.984832380844,-1.5942666648,-3.422234861082,-0.980582671049,-0.05,1.371710620739,0.722,6.327782646801,63599340000.0,13.856891789547,5.656752538816,70.8613586241,2593622000.0,6327845000.0,2
06862.HK,海底捞,2021-12-31,2021年年报,39096727000.0,43.6753254628,-4163175000.0,-1446.1252429099,21853441000.0,56.272534989131,-10.1217261571,-45.878970456585,-14.989298296118,-0.78,1.419906709724,0.722,6.327782646801,63599340000.0,13.856891789547,5.656752538816,71.7051953738,3806125000.0,5766781000.0,1
06862.HK,海底捞,2021-06-30,2021年中报,20094369000.0,105.8721667356,94529000.0,109.7997930753,11591988000.0,57.687743267778,0.4802738518,0.923374987399,0.320838493953,0.02,1.837230175816,0.722,6.327782646801,63599340000.0,13.856891789547,5.656752538816,67.3404539885,2088560000.0,3524414000.0,2
06862.HK,海底捞,2020-12-31,2020年年报,28614255000.0,7.7514652924,309271000.0,-86.8098456484,16352790000.0,57.149102781114,1.0817894787,2.9656394664,1.28485287699,0.06,1.836015608181,0.722,6.327782646801,63599340000.0,13.856891789547,5.656752538816,62.8103155198,2921451000.0,2682709000.0,1
09658.HK,特海国际,2026-06-30,2026年中报,3029175018.6,12.104110321,14922681.9,-92.2721501129,1998624550.5,65.979170507741,0.4773425309,0.557448205149,0.29272502819,0.0,4.147292525438,,,6919181360.0,88.579658817366,2.228290371894,46.7825878562,357429221.1,1005690683.1,2
09658.HK,特海国际,2026-03-31,2026年一季报,1563279283.8,14.2297366305,28293426.6,-65.7480314961,1033433148.2,66.106751295773,1.7939422911,1.040559953074,0.549472330527,0.069194,4.211668520788,,,7224821890.0,32.445877191824,,46.1799653581,167691659.0,720766220.4,3
09658.HK,特海国际,2025-12-31,2025年年报,5909498744.0,8.0234303129,256052155.2,67.0978395486,3921627585.6,66.361425147635,4.3220676654,9.71271646248,5.093867894188,0.421728,4.216443416951,,,7224821890.0,32.445877191824,2.326720491705,47.4925692099,805837862.4,1016294192.0,1
09658.HK,特海国际,2025-09-30,2025年三季报,4339904395.5,7.2399771046,227098885.5,-3.5605443408,2876498248.5,66.280221552406,5.2169271801,8.631914126485,4.552767935044,0.42633,4.15757069671,,,7224821890.0,32.445877191824,,46.9095330739,571523787.0,1547371840.5,4
09658.HK,特海国际,2025-06-30,2025年中报,2840052853.8,6.9562990322,202960627.2,718.6340824787,1875474455.4,66.036603962867,7.1259512065,7.731839979929,4.088648923038,0.35793,4.109954194916,,,7224821890.0,92.492482092194,2.326720491705,46.6278210635,331385911.2,1850290500.6,2
09658.HK,特海国际,2025-03-31,2025年一季报,1419725930.6,5.4016317873,85693351.6,367.8483284721,937587771.2,66.040053998574,6.0065829722,3.287618418154,1.74394483887,0.143564,4.042360480948,,,7224821890.0,32.445877191824,,46.2814118059,141360292.6,1471050060.6,3
09658.HK,特海国际,2024-12-31,2024年年报,5594789227.2,13.3961378981,156714308.4,-15.0157876272,3742173214.0,66.886759483392,2.7494256772,6.919700244718,3.456887611908,0.287536,3.979746662997,,,7224821890.0,32.445877191824,,47.1584176499,860422726.4,1831022059.6,1
09658.HK,特海国际,2024-09-30,2024年三季报,3991036640.4,14.5546006199,232232243.4,1440.7252440725,2659357351.8,66.633248236315,5.7953176741,10.536137798605,5.331061989822,0.35037,3.86852608477,,,7224821890.0,32.445877191824,,45.8450499224,621563387.4,1507726198.8,4
09658.HK,特海国际,2024-06-30,2024年中报,2643543924.0,14.5089540674,-32662124.4,-229.4267156171,1755694306.8,66.414417814682,-1.253336209,-1.515156524298,-0.763197335554,-0.071268,3.669907630798,,,7224821890.0,32.445877191824,,46.0298309452,342100653.6,1002448561.2,2
09658.HK,特海国际,2024-03-31,2024年一季报,1331355465.0,16.5958319353,-31622415.0,-179.3625356125,885470190.0,66.508923670509,-2.4221010728,-1.64518367588,-0.7791862687,-0.07095,2.964760994558,,,7224821890.0,32.445877191824,,51.742190076,170407710.0,638769945.0,3
09658.HK,特海国际,2023-12-31,2023年年报,4861296137.4,22.9543642796,181692503.1,162.1921062839,3198880206.9,65.803031053584,3.6798365877,10.06213080417,4.449802470956,0.354135,2.941628561938,,,7224821890.0,32.445877191824,,52.8290831936,807746521.5,1083001491.6,1
09658.HK,特海国际,2023-09-30,2023年三季报,3569674503.4,,15443749.8,,2356711911.6,66.020358700921,0.4006573032,,,0.071798,,,,7224821890.0,32.445877191824,,,600618989.2,540430725.8,4
09922.HK,九毛九,2026-06-30,2026年中报,2391313000.0,-13.1516766687,75804000.0,24.901550477,2391313000.0,,3.2719681614,2.408705963997,1.332700890542,0.06,2.298535037471,0.02,1.724137931034,1551597092.0,18.219633551724,0.438330494674,44.6386847111,,,2
09922.HK,九毛九,2025-12-31,2025年年报,5232993000.0,-13.8409659835,58199000.0,4.2862006558,3374470000.0,64.484512018266,0.9792866148,1.826890947019,0.945434496346,0.04,2.407090487122,0.02,1.724137931034,1551597092.0,24.080027585289,0.438330494674,44.7533344267,1006685000.0,1017981000.0,1
09922.HK,九毛九,2025-06-30,2025年中报,2753436000.0,-10.1425579763,60691000.0,-16.0462574871,2753436000.0,,2.1323902208,1.920020398892,0.971445199805,0.04,2.370114109495,0.02,1.724137931034,1551597092.0,18.219633551724,0.438330494674,47.3117785471,447297000.0,489425000.0,2
09922.HK,九毛九,2024-12-31,2024年年报,6073644000.0,1.4666922826,55807000.0,-87.6931253335,3911540000.0,64.401864844235,0.7376132022,1.720521005836,0.85794214106,0.04,2.356253294654,0.02,1.724137931034,1551597092.0,24.080027585289,0.438330494674,51.4357360568,975982000.0,606974000.0,1
09922.HK,九毛九,2024-06-30,2024年中报,3064227000.0,6.4181283605,72291000.0,-67.4675535075,3064227000.0,,2.2181777003,2.226161516577,1.108240942873,0.05,2.361827525261,0.02,1.724137931034,1551597092.0,24.080027585289,0.438330494674,51.4912414192,342216000.0,897226000.0,2
09922.HK,九毛九,2023-12-31,2023年年报,5985850000.0,49.4324868276,453462000.0,820.174512987,3843691000.0,64.212952212301,8.0188778536,13.931635866262,7.603351153941,0.31,2.493701889459,0.02,1.724137931034,1551597092.0,24.080027585289,0.438330494674,48.5189650046,1012436000.0,1326902000.0,1
09922.HK,九毛九,2023-06-30,2023年中报,2879422000.0,51.6266539443,222212000.0,285.116117851,2879422000.0,,8.2794741445,6.678833389238,3.867344036062,0.15,2.601657002848,0.02,1.724137931034,1551597092.0,24.080027585289,0.438330494674,42.4370615907,553217000.0,927533000.0,2
09922.HK,九毛九,2022-12-31,2022年年报,4005722000.0,-4.1625435677,49280000.0,-85.5031535348,2558590000.0,63.873379131153,1.3882640882,1.575232033469,0.934912059834,0.03,2.373146443097,0.02,1.724137931034,1551597092.0,24.080027585289,0.438330494674,40.8342999686,684236000.0,1098872000.0,1
09922.HK,九毛九,2022-06-30,2022年中报,1899021000.0,-6.058120639,57700000.0,-68.984831056,1899021000.0,,3.2913274787,1.886150084918,1.135560540826,0.04,2.269546944987,0.02,1.724137931034,1551597092.0,24.080027585289,0.438330494674,39.1514228552,351133000.0,1845171000.0,2
09922.HK,九毛九,2021-12-31,2021年年报,4179704000.0,53.9582220618,339936000.0,174.0027244223,2642338000.0,63.218304454095,8.9038123274,11.147034273254,6.83869421932,0.23,2.304584004724,0.02,1.724137931034,1551597092.0,24.080027585289,0.438330494674,38.8989806617,856178000.0,1342090000.0,1
09922.HK,九毛九,2021-06-30,2021年中报,2021485000.0,112.8983777897,186038000.0,316.5700449349,2021485000.0,,10.1488757028,5.916299239354,3.713629460074,0.13,2.446534000078,0.02,1.724137931034,1551597092.0,24.080027585289,0.438330494674,36.1582466069,377144000.0,2333419000.0,2
09922.HK,九毛九,2020-12-31,2020年年报,2714830000.0,1.0249370462,124063000.0,-24.5423139149,1669046000.0,61.478840295709,5.083412221,7.877908702669,3.840482961713,0.09,2.255227093452,0.02,1.724137931034,1551597092.0,24.080027585289,0.438330494674,36.3271985921,570953000.0,1843903000.0,1
00520.HK,呷哺呷哺,2026-06-30,2026年中报,1493047000.0,-23.1332337649,-35990000.0,57.1950189703,974702000.0,65.282740596914,-2.4241701701,-8.073407666709,-1.335929220621,-0.0342,0.39412084107,,,298697982.275,-1.059252394343,0.606035573637,83.6490093705,124389000.0,256516000.0,2
00520.HK,呷哺呷哺,2025-12-31,2025年年报,3788705000.0,-20.3190305127,-300546000.0,24.9912024778,2462319000.0,64.9910457531,-7.8239926307,-48.570265002764,-9.814474411654,-0.2856,0.426713210545,,,304128854.68,-1.078511528786,0.617054402249,83.3561374844,372622000.0,249063000.0,1
00520.HK,呷哺呷哺,2025-06-30,2025年中报,1942383000.0,-18.8824269334,-84079000.0,69.1815116194,1300997000.0,66.979426817471,-4.1612802418,-11.474210695107,-2.651204904661,-0.0801,0.636585568981,,,304128854.68,-1.078511528786,0.617054402249,74.4507132134,195495000.0,313177000.0,2
00520.HK,呷哺呷哺,2024-12-31,2024年年报,4754843000.0,-19.6540464437,-400681000.0,-100.8768411659,3082048000.0,64.819132829412,-8.3804449484,-40.566746447331,-10.73806743676,-0.385,0.712672792024,,,304128854.68,-0.913987423303,0.617054402249,74.7533499495,715417000.0,362695000.0,1
00520.HK,呷哺呷哺,2024-06-30,2024年中报,2394528000.0,-15.8669641944,-272820000.0,-11439.1521197007,1567032000.0,65.442208234775,-11.4288076815,-25.964644799148,-7.102252574085,-0.2622,0.828728731659,,,304128854.68,-0.913987423303,0.617054402249,72.8603826532,371657000.0,310032000.0,2
00520.HK,呷哺呷哺,2023-12-31,2023年年报,5917962000.0,25.2522734132,-199466000.0,43.502373588,3703539000.0,62.581324449194,-3.2856750348,-15.002113439823,-4.734306155801,-0.1916,1.106018435357,,,304128854.68,-0.913987423303,0.617054402249,69.1485813252,1134836000.0,129366000.0,1
00520.HK,呷哺呷哺,2023-06-30,2023年中报,2846121000.0,31.9825100467,2406000.0,100.8607151162,1781156000.0,62.581878985468,0.0744873461,0.16653008339,0.055359780475,0.0023,1.318135368713,,,304128854.68,-0.913987423303,0.617054402249,65.8834944854,544394000.0,175705000.0,2
00520.HK,呷哺呷哺,2022-12-31,2022年年报,4724834000.0,-23.1392122216,-353052000.0,-20.4084416736,2925962000.0,61.92729733997,-7.0095161015,-20.601552591431,-7.624128388688,-0.3342,1.342181229168,,,304128854.68,-0.913987423303,0.617054402249,64.7013390291,881619000.0,300706000.0,1
00520.HK,呷哺呷哺,2022-06-30,2022年中报,2156438000.0,-29.2249474054,-279535000.0,-459.954728471,1344962000.0,62.369611368377,-12.8986319106,-15.601349752419,-5.99766881887,-0.2612,1.485842310081,,,304128854.68,-0.913987423303,0.617054402249,62.0841279278,384170000.0,240406000.0,2
00520.HK,呷哺呷哺,2021-12-31,2021年年报,6147262000.0,12.6853307807,-293212000.0,-16061.4589003811,3805928000.0,61.912571808392,-4.6058391525,-13.674440382906,-5.464634758072,-0.2728,1.813325606938,,,304128854.68,-0.913987423303,0.617054402249,59.3783128919,1048536000.0,920533000.0,1
00520.HK,呷哺呷哺,2021-06-30,2021年中报,3046890000.0,58.5372833627,-49921000.0,80.4186834653,1912062000.0,62.754546439156,-1.5403247246,-2.190884444352,-0.903204538801,-0.0464,2.060695624095,,,304128854.68,-0.913987423303,0.617054402249,56.9056584456,616449000.0,463671000.0,2
00520.HK,呷哺呷哺,2020-12-31,2020年年报,5455246000.0,-9.5340808969,1837000.0,-99.3623741756,3325077000.0,60.95191674216,0.2105312941,0.078264713244,0.032211563162,0.0017,2.134905616513,,,304128854.68,-0.913987423303,0.617054402249,59.5123561494,1270205000.0,1097324000.0,1
00999.HK,小菜园,2026-06-30,2026年中报,2902600000.0,6.9623159224,289839000.0,-24.2046877983,1964675000.0,67.686729139392,9.9693033832,11.957441691078,7.242549274193,0.25,2.066565335664,0.4897,6.363872644574,8964881226.0,12.696323011439,3.234106434797,42.7586998857,,,2
00999.HK,小菜园,2025-12-31,2025年年报,5345091000.0,2.5953986603,715092000.0,23.1596460348,3762882000.0,70.398838859806,13.3784813018,29.760444676209,19.364432763492,0.61,2.094577566799,0.7228,8.825396825397,9541569492.0,13.513045544339,3.442148369199,35.7446817475,1162214000.0,297786000.0,1
00999.HK,小菜园,2025-06-30,2025年中报,2713666000.0,6.5242557007,382397000.0,35.6599817652,1912004000.0,70.45833938296,14.0915278446,16.14181097428,10.50058153193,0.33,2.036480190842,0.7228,8.825396825397,9541569492.0,13.513045544339,3.442148369199,35.7979503979,764750000.0,638829000.0,2
00999.HK,小菜园,2024-12-31,2024年年报,5209874000.0,14.5174489467,580622000.0,9.1273712126,3548853000.0,68.117827801594,11.1446457246,38.856994479183,19.589212306323,0.56,2.030352434811,0.7228,8.825396825397,9541569492.0,13.513045544339,3.442148369199,34.0724379163,902854000.0,616661000.0,1
00999.HK,小菜园,2024-06-30,2024年中报,2547463000.0,,281879000.0,,1727624000.0,67.817432480864,11.0650871082,,,0.27,,0.7228,8.825396825397,9541569492.0,13.513045544339,3.442148369199,,454967000.0,436033000.0,2
00999.HK,小菜园,2023-12-31,2023年年报,4549415000.0,41.5754865533,532059000.0,123.9550624227,3116036000.0,68.493113949816,11.6951080524,112.250865522763,29.208229109854,0.53,0.534830615055,0.7228,8.825396825397,9541569492.0,13.513045544339,3.442148369199,73.3730129393,866339000.0,620153000.0,1
00999.HK,小菜园,2023-09-30,2023年三季报,3428874000.0,41.5650510978,429636000.0,107.5877197221,2351120000.0,68.568282182431,12.5299442324,91.277426345225,27.219276424513,,0.529168084374,0.7228,8.825396825397,9541569492.0,13.513045544339,3.442148369199,66.7427301392,693796000.0,383391000.0,4
00999.HK,小菜园,2022-12-31,2022年年报,3213420000.0,21.4548640416,237574000.0,4.6033136814,2125502000.0,66.144543819358,7.3931823416,111.17277653511,18.982662441976,,0.278869121294,0.7228,8.825396825397,9541569492.0,13.513045544339,3.442148369199,75.0686037374,434132000.0,63001000.0,1
00999.HK,小菜园,2022-09-30,2022年三季报,2422119000.0,,206966000.0,,1607296000.0,66.359084751823,8.5448320252,,,,,0.7228,8.825396825397,9541569492.0,13.513045544339,3.442148369199,,425819000.0,160685000.0,4
00999.HK,小菜园,2021-12-31,2021年年报,2645773000.0,,227119000.0,,1732729000.0,65.490463467576,8.5842209441,221.566542446296,18.927734770532,,0.087985958778,0.7228,8.825396825397,9541569492.0,13.513045544339,3.442148369199,91.4573136532,321156000.0,20371000.0,1
01961.HK,多牛科技,2025-06-30,2025年中报,18997000.0,-85.8124407202,-31438000.0,-40.4736371761,2991000.0,15.74459125125,-177.7385903037,-22.353526734926,-7.21790079806,-0.043,0.167963778851,,,72695816.226,-1.117681789991,0.537514996492,55.5931716845,-14697000.0,1470000.0,2
01961.HK,多牛科技,2024-12-31,2024年年报,258478000.0,-2.0471426406,-51015000.0,4.3229557389,32679000.0,12.6428554848,-19.6867818538,-37.914850447598,-13.101277769431,-0.073,0.215094304071,,,341450045.91,-5.249717498444,2.524691650188,67.4452393017,-55195000.0,3863000.0,1
01961.HK,多牛科技,2024-06-30,2024年中报,133899000.0,-6.2246563062,-22380000.0,-114.8617511521,21147000.0,15.793247148971,-14.5318486322,-13.295707708302,-7.114428493318,-0.033,0.307082445166,,,72695816.226,-1.117681789991,0.537514996492,42.3022634094,-45141000.0,15280000.0,2
01961.HK,多牛科技,2023-12-31,2023年年报,263880000.0,153.9505341161,-53320000.0,36.8583101427,38197000.0,14.475140215249,-20.3804759739,-66.757228798758,-31.014876321491,-0.09,0.151380664959,,,341450045.91,-5.249717498444,2.524691650188,48.9551008959,-75815000.0,37211000.0,1
01961.HK,多牛科技,2023-06-30,2023年中报,142787000.0,230.5484177142,-10416000.0,69.0589353612,23647000.0,16.56103146645,-7.384425753,-11.695486189086,-6.055021872139,-0.018,0.17640718085,,,341450045.91,-5.249717498444,2.524691650188,40.8094900292,-56418000.0,52472000.0,2
01961.HK,多牛科技,2022-12-31,2022年年报,103910000.0,-9.5758567276,-84445000.0,0.7183502634,16045000.0,15.441247233183,-82.7639303243,-94.990888433936,-58.318168790854,-0.155,0.066163587531,,,198261316.98,-3.598900518988,1.465949990432,53.019130525,-20090000.0,20715000.0,1
01961.HK,多牛科技,2022-06-30,2022年中报,43197000.0,38.4474856575,-33664000.0,-93.4935050006,872000.0,2.018658703151,-81.4570456282,-30.259231294718,-22.000241803989,-0.062,0.127048686974,,,72695816.226,-1.117681789991,0.537514996492,23.496150964,-6877000.0,11542000.0,2
01961.HK,多牛科技,2021-12-31,2021年年报,114914000.0,-32.4746296547,-85056000.0,-6338.7585162755,14391000.0,12.523278277669,-75.5538924761,-49.392724305836,-39.644737363403,-0.156,0.175965945003,,,178435185.282,-2.743400757252,1.319354991389,20.359126505,-25684000.0,12128000.0,1
01961.HK,多牛科技,2021-06-30,2021年中报,31201000.0,-68.7392920478,-17398000.0,-402.1535255297,8339000.0,26.726707477324,-54.9084965225,-8.446840688351,-7.091802523586,-0.032,0.267936382191,,,178435185.282,-2.743400757252,1.319354991389,10.2356018719,-32219000.0,15534000.0,2
01961.HK,多牛科技,2020-12-31,2020年年报,170179000.0,-22.3614697483,-1321000.0,-103.5468800344,55638000.0,32.693810634685,0.6011317495,-0.798566087238,-0.591420595853,-0.003,0.293060950492,,,178435185.282,-2.743400757252,1.319354991389,11.3285704768,-57934000.0,47156000.0,1
01961.HK,多牛科技,2020-06-30,2020年中报,99809000.0,-11.7889843391,5758000.0,-66.7436756382,30912000.0,30.97115490587,7.2258012804,3.325334742471,2.409578051832,0.012,0.314125876639,,,178435185.282,-2.743400757252,1.319354991389,15.9001864694,-65695000.0,89869000.0,2
01961.HK,多牛科技,2019-12-31,2019年年报,219194000.0,53.3050308087,37244000.0,-21.9023254839,79572000.0,36.302088560818,18.7997846656,38.351791497403,21.028857934944,0.095,0.157493960373,,,178435185.282,-2.743400757252,1.319354991389,34.5368359506,-68469000.0,50899000.0,1
09869.HK,海伦司,2026-06-30,2026年中报,232087000.0,-20.2847378454,13720000.0,-72.7404581669,141587000.0,61.006002059573,5.9115762623,1.68153225337,1.31283888491,0.011,0.598560070541,0.178567,11.301708860759,1998703987.92,-1109.212126189,2.292683838332,21.4873419362,,,2
09869.HK,海伦司,2025-12-31,2025年年报,539009000.0,-28.3429007479,33954000.0,143.5441674361,316180000.0,58.659502902549,6.29933823,3.406546219229,2.714477412732,0.027,0.691433403021,0.178567,11.301708860759,1998703987.92,-1109.212126189,2.292683838332,22.3018649365,141496000.0,143481000.0,1
09869.HK,海伦司,2025-06-30,2025年中报,291145000.0,-34.0247091508,50331000.0,-27.7652596983,175071000.0,60.131893042986,17.2872623607,4.755843817148,3.821709735029,0.04,0.788777082314,0.178567,11.301708860759,1998703987.92,-1109.212126189,2.292683838332,20.6817771708,78320000.0,539929000.0,2
09869.HK,海伦司,2024-12-31,2024年年报,752206000.0,-37.7628736411,-77976000.0,-143.2,435862000.0,57.944499246217,-10.3663092291,-5.304132578826,-4.404230605325,-0.062,0.884417998205,0.178567,11.301708860759,1998703987.92,-1109.212126189,2.292683838332,18.6910372645,165529000.0,131802000.0,1
09869.HK,海伦司,2024-06-30,2024年中报,441294000.0,-37.8452151574,69677000.0,-55.7569831161,281952000.0,63.892099144788,15.7892470779,4.197073367013,3.511106721479,0.055,1.184866410591,0.178567,11.301708860759,1998703987.92,-1109.212126189,2.292683838332,16.9130315239,39271000.0,148724000.0,2
09869.HK,海伦司,2023-12-31,2023年年报,1208613000.0,-22.4904252399,180500000.0,111.2731474253,848844000.0,70.232903336304,14.9344744761,9.905948371075,7.455978744884,0.142,1.43984455797,0.178567,11.301708860759,1998703987.92,-1109.212126189,2.292683838332,15.8697246723,275018000.0,625612000.0,1
09869.HK,海伦司,2023-06-30,2023年中报,709992000.0,-18.729138336,157487000.0,151.7804066495,513373000.0,72.306871063336,22.1815175382,8.242594072117,6.097751737906,0.124,1.579782618679,0.178567,11.301708860759,1998703987.92,-1109.212126189,2.292683838332,19.6980765429,215846000.0,820613000.0,2
09869.HK,海伦司,2022-12-31,2022年年报,1559308000.0,-15.0526035947,-1601150000.0,-596.152173913,997402000.0,63.96439959264,-102.6833698025,-68.14001567797,-45.986707324183,-1.459,1.440999496377,0.178567,11.301708860759,1998703987.92,-1109.212126189,2.292683838332,31.9004112422,142886000.0,1096998000.0,1
09869.HK,海伦司,2022-06-30,2022年中报,873612000.0,0.6369206631,-304144000.0,-1124.6094379127,576499000.0,65.990279437554,-34.8145400933,-10.833599889436,-7.304642003637,-0.249,2.164507934215,0.178567,11.301708860759,1998703987.92,-1109.212126189,2.292683838332,32.227232691,56817000.0,1341810000.0,2
09869.HK,海伦司,2021-12-31,2021年年报,1835616000.0,124.4180232167,-230000000.0,-428.2338166457,1258829000.0,68.578014138033,-12.5298537385,-15.146735647974,-8.937752054323,-0.213,2.274082419143,0.178567,11.301708860759,1998703987.92,-1109.212126189,2.292683838332,32.8930013908,366586000.0,1626731000.0,1
09869.HK,海伦司,2021-06-30,2021年中报,868083000.0,303.6525200296,-24836000.0,-34.0602396632,596489000.0,68.713360358399,-2.8610167461,-12.808234896716,-2.144974023411,-0.025,0.179900826822,0.178567,11.301708860759,1998703987.92,-1109.212126189,2.292683838332,84.3676693935,106302000.0,26229000.0,2
09869.HK,海伦司,2021-03-31,2021年一季报,368571000.0,494.1052258293,-76332000.0,-360.6916530871,368571000.0,,-20.7102566398,-45.546734450938,-7.225012103684,-0.076,0.138294585727,0.178567,11.301708860759,1998703987.92,-1109.212126189,2.292683838332,86.0386368951,85597000.0,152858000.0,3
01179.HK,华住集团-S,2026-06-30,2026年中报,13117000000.0,10.9635394637,2394000000.0,-1.8047579984,5432000000.0,41.411908210719,18.2968666616,17.809849724743,3.729291450202,0.77,4.578507136711,1.651006,4.397991475759,115444441652.6,20.227690809432,7.121397002654,77.623202075,3641000000.0,14391000000.0,2
01179.HK,华住集团-S,2026-03-31,2026年一季报,5996000000.0,11.139944393,817000000.0,-8.6129753915,2341000000.0,39.042695130087,13.6591060707,6.879710327986,1.267285573575,0.27,3.55972426318,1.651006,5.052037943696,100498784049.2,17.608975376991,6.199447364058,82.698751617,233000000.0,12501000000.0,3
01179.HK,华住集团-S,2025-12-31,2025年年报,25307000000.0,5.9269180863,5080000000.0,66.6666666667,9968000000.0,39.388311534358,20.211799107,40.670909891518,7.979517144966,1.65,4.163579927446,1.651006,5.052037943696,100498784049.2,17.608975376991,6.199447364058,79.9950597462,8379000000.0,10532000000.0,1
01179.HK,华住集团-S,2025-09-30,2025年三季报,18782000000.0,5.1152899037,3907000000.0,30.2767589196,7364000000.0,39.207752103077,20.9242892131,32.481190505882,6.196472752649,1.27,3.8631153966,1.651006,4.279434940384,118642689370.2,20.788074358761,7.318686637251,81.0816339376,4936000000.0,7266000000.0,4
01179.HK,华住集团-S,2025-06-30,2025年中报,11821000000.0,3.4570278313,2438000000.0,41.2514484357,4465000000.0,37.771762118264,20.7935030877,20.041101520756,3.829389543787,0.79,3.951889007986,1.651006,5.052037943696,100498784049.2,17.608975376991,6.199447364058,81.0231710894,3239000000.0,10515000000.0,2
01179.HK,华住集团-S,2025-03-31,2025年一季报,5395000000.0,2.2167487685,894000000.0,35.660091047,1791000000.0,33.197405004634,16.6635773865,7.886379675371,1.440645873452,0.29,3.412743778393,1.651006,5.052037943696,100498784049.2,17.608975376991,6.199447364058,82.7450088533,580000000.0,8305000000.0,3
01179.HK,华住集团-S,2024-12-31,2024年年报,23891000000.0,9.1810620601,3048000000.0,-25.3855569155,8606000000.0,36.021932945461,12.9839688586,25.07403751234,4.834871990102,0.98,3.959693281515,1.651006,5.052037943696,100498784049.2,17.608975376991,6.199447364058,80.3827215756,7518000000.0,7524000000.0,1
01179.HK,华住集团-S,2024-09-30,2024年三季报,17868000000.0,9.633083814,2999000000.0,-10.26331538,6773000000.0,37.905753301992,17.0192522946,24.716693452013,4.776580579911,0.96,3.945060268649,1.651006,4.279434940384,118642689370.2,20.788074358761,7.318686637251,80.3091603669,4814000000.0,7940000000.0,4
01179.HK,华住集团-S,2024-06-30,2024年中报,11426000000.0,14.1458541459,1726000000.0,-13.9152119701,4130000000.0,36.145632767373,15.3071941187,13.966096209087,2.740030480061,0.55,4.091390397308,1.651006,5.052037943696,100498784049.2,17.608975376991,6.199447364058,79.6371613399,3121000000.0,8165000000.0,2
01179.HK,华住集团-S,2024-03-31,2024年一季报,5278000000.0,17.8125,659000000.0,-33.4343434343,1713000000.0,32.455475558924,12.6373626374,5.39920527631,1.054602483677,0.21,3.99188590982,1.651006,5.052037943696,100498784049.2,17.608975376991,6.199447364058,79.8222771955,886000000.0,6664000000.0,3
01179.HK,华住集团-S,2023-12-31,2023年年报,21882000000.0,57.8560092339,4085000000.0,324.3272926963,7541000000.0,34.462114980349,18.8785302989,39.158358895706,6.533961404042,1.28,3.94603580284,1.651006,5.052037943696,100498784049.2,17.608975376991,6.199447364058,80.7199521501,7674000000.0,7710000000.0,1
01179.HK,华住集团-S,2023-09-30,2023年三季报,16298000000.0,60.476565577,3342000000.0,296.9357690041,5953000000.0,36.525954104798,20.7878267272,28.951357907047,5.37865437076,1.05,4.668906638416,1.651006,5.052037943696,100498784049.2,17.608975376991,6.199447364058,76.9382747522,5263000000.0,6296000000.0,4
09633.HK,农夫山泉,2026-06-30,2026年中报,29718100000.0,15.9857422085,8886846000.0,16.5934189635,18098575000.0,60.900848304569,29.9038161928,23.192367081483,12.539479160808,0.79,3.304680214934,1.13,2.597701149425,489221288400.0,25.162632033904,11.432853572113,51.4631773657,,,2
09633.HK,农夫山泉,2025-12-31,2025年年报,52552910000.0,22.5124016248,15868274000.0,30.8906713879,31808104000.0,60.525866217494,30.194853149,44.227718985025,26.82050046041,1.411,3.509545006954,1.13,2.625464684015,484047913856.0,24.896544430787,11.311954430891,39.4345433009,21141652000.0,3857749000.0,1
09633.HK,农夫山泉,2025-06-30,2025年中报,25622201000.0,15.5554229624,7622082000.0,22.1569916817,15456430000.0,60.324364795983,29.7479595918,23.947127874214,12.967776960651,0.677,2.789358264566,1.13,2.625464684015,484047913856.0,24.896544430787,11.311954430891,51.2835235914,10406067000.0,7323221000.0,2
09633.HK,农夫山泉,2024-12-31,2024年年报,42895992000.0,0.5361750652,12123304000.0,0.3626475206,24915715000.0,58.084016334207,28.2620903137,39.841237815153,23.702066763312,1.078,2.870871867807,1.13,2.625464684015,484047913856.0,24.896544430787,11.311954430891,39.2645325332,11022144000.0,2416380000.0,1
09633.HK,农夫山泉,2024-06-30,2024年中报,22173084000.0,8.3600013195,6239579000.0,8.0367820805,13032468000.0,58.776072827758,28.1403299604,22.700774796249,11.861914952126,0.555,2.347535844681,1.13,2.625464684015,484047913856.0,24.896544430787,11.311954430891,52.9103631335,5537057000.0,7326117000.0,2
09633.HK,农夫山泉,2023-12-31,2023年年报,42667221000.0,28.3642136013,12079498000.0,42.1912009652,25406829000.0,59.546481829693,28.3109556163,45.881691610524,27.331663415448,1.074,2.540433944657,1.13,2.625464684015,484047913856.0,24.896544430787,11.311954430891,41.8547542357,17304937000.0,3875720000.0,1
09633.HK,农夫山泉,2023-06-30,2023年中报,20462425000.0,23.2768216857,5775421000.0,25.325817949,12309929000.0,60.158700642764,28.2245188437,24.925555705506,13.073273309464,0.51,1.979047036499,1.13,2.625464684015,484047913856.0,24.896544430787,11.311954430891,54.6692819665,7992141000.0,4619715000.0,2
09633.HK,农夫山泉,2022-12-31,2022年年报,33239187000.0,11.929999206,8495250000.0,18.6190219937,19095411000.0,57.448489940503,25.5579355777,37.903471021429,23.548550727761,0.76,2.141479389473,1.13,2.625464684015,484047913856.0,24.896544430787,11.311954430891,38.6468639626,12041510000.0,7821114000.0,1
09633.HK,农夫山泉,2022-06-30,2022年中报,16598761000.0,9.384031652,4608325000.0,14.837258075,9837678000.0,59.267544125733,27.763066171,22.530371994552,12.907993226471,0.41,1.793099653061,1.13,2.625464684015,484047913856.0,24.896544430787,11.311954430891,47.6296116817,5977699000.0,8631234000.0,2
09633.HK,农夫山泉,2021-12-31,2021年年报,29696406000.0,29.8073194574,7161794000.0,35.7061946487,17656218000.0,59.455740199673,24.1167028764,39.530885924668,24.378289776679,0.64,1.844280084276,1.13,2.625464684015,484047913856.0,24.896544430787,11.311954430891,36.9480378462,11400270000.0,10187896000.0,1
09633.HK,农夫山泉,2021-06-30,2021年中报,15174757000.0,31.4447118231,4012918000.0,40.0914924709,9240992000.0,60.897133311591,26.4446936448,24.25796274226,14.284332657261,0.36,1.564321127568,1.13,2.625464684015,484047913856.0,24.896544430787,11.311954430891,41.9884654119,6585281000.0,7215036000.0,2
09633.HK,农夫山泉,2020-12-31,2020年年报,22877297000.0,-4.7614256185,5277426000.0,6.6455184611,13508327000.0,59.046866419577,23.0683983339,41.596869254734,24.177387501245,0.48,1.37752441069,1.13,2.625464684015,484047913856.0,24.896544430787,11.311954430891,40.0903547227,8429173000.0,6055981000.0,1
02319.HK,蒙牛乳业,2026-06-30,2026年中报,44794932000.0,7.7651973337,2371497000.0,15.9359166649,18257855000.0,40.758751458759,5.5826873451,5.842644415497,2.392862281056,0.612,10.503231462517,0.5976,3.251360174102,71152518388.94,32.366749341303,1.519908330781,53.4375851323,,,2
02319.HK,蒙牛乳业,2025-12-31,2025年年报,82244944000.0,-7.2510249646,1545350000.0,1378.7047757566,32808443000.0,39.891136651513,1.9745481254,3.765420045051,1.52347946957,0.396,10.466764663326,0.5976,3.251360174102,71152518388.94,32.366749341303,1.519908330781,51.1468249862,8750515000.0,6036018000.0,1
02319.HK,蒙牛乳业,2025-06-30,2025年中报,41567160000.0,-6.9471799062,2045524000.0,-16.3661936127,17352314000.0,41.7452479313,5.1819320829,4.933948935639,1.985126727747,0.523,10.68250025312,0.5976,3.251360174102,71152518388.94,32.366749341303,1.519908330781,51.8755691766,2806099000.0,5103506000.0,2
02319.HK,蒙牛乳业,2024-12-31,2024年年报,88674774000.0,-10.0880747728,104507000.0,-97.8269345173,35090440000.0,39.572065895539,0.2532907499,0.243372768803,0.094357551249,0.027,10.73630072915,0.5976,3.251360174102,71152518388.94,32.366749341303,1.519908330781,54.8177349599,8332256000.0,6199378000.0,1
02319.HK,蒙牛乳业,2024-06-30,2024年中报,44670500000.0,-12.6138679711,2445810000.0,-19.0256767476,17984678000.0,40.260749264056,5.6682217571,5.493238860852,2.108972822209,0.623,11.554076127652,0.5976,3.251360174102,71152518388.94,32.366749341303,1.519908330781,56.2053115122,1919893000.0,11352837000.0,2
02319.HK,蒙牛乳业,2023-12-31,2023年年报,98624041000.0,6.5131252122,4809197000.0,-9.3112880852,36640095000.0,37.151281400039,4.9551559138,11.393704121652,4.127478752423,1.22,11.448657965515,0.5976,3.251360174102,71152518388.94,32.366749341303,1.519908330781,56.0391142676,8349338000.0,7201880000.0,1
02319.HK,蒙牛乳业,2023-06-30,2023年中报,51118523000.0,7.1166462737,3020476000.0,-19.4840540907,19630242000.0,38.40142642619,5.9841087349,7.365741887844,2.503430682502,0.765,10.827575445871,0.5976,3.251360174102,71152518388.94,32.366749341303,1.519908330781,59.4138021705,3450607000.0,8614119000.0,2
02319.HK,蒙牛乳业,2022-12-31,2022年年报,92593322000.0,5.0507970283,5302972000.0,5.5205045749,32689782000.0,35.304686443802,5.599544209,13.78750367699,4.912102518853,1.342,10.358188042921,0.5976,3.251360174102,71152518388.94,32.366749341303,1.519908330781,57.5159694535,8333051000.0,5693433000.0,1
02319.HK,蒙牛乳业,2022-06-30,2022年中报,47722296000.0,3.9583459908,3751401000.0,27.3155911499,17458805000.0,36.584168121333,7.6339558348,9.911085717091,3.690949793813,0.949,10.042209698808,0.5976,3.251360174102,71152518388.94,32.366749341303,1.519908330781,58.2013261966,1754140000.0,5408332000.0,2
02319.HK,蒙牛乳业,2021-12-31,2021年年报,88141475000.0,15.9224775946,5025537000.0,42.5666459766,32389914000.0,36.747642355656,5.6314669116,14.398081400661,5.6388276208,1.274,9.512775165878,0.5976,3.251360174102,71152518388.94,32.366749341303,1.519908330781,57.187709885,7544679000.0,8091745000.0,1
02319.HK,蒙牛乳业,2021-06-30,2021年中报,45905209000.0,22.3047654627,2946537000.0,143.2087301469,17552633000.0,38.236691178119,6.4640768763,8.707093520767,3.541166064362,0.748,8.963299263335,0.5976,3.251360174102,71152518388.94,32.366749341303,1.519908330781,54.1608156536,2704097000.0,5763704000.0,2
02319.HK,蒙牛乳业,2020-12-31,2020年年报,76034844000.0,-3.7897222032,3525044000.0,-14.1371795499,28629280000.0,37.65284242577,4.6052478256,11.350070673835,4.442857359371,0.897,8.52002112766,0.5976,3.195721925134,72391299993.1,42.310978082485,1.546370282133,53.5255066239,5347678000.0,9225493000.0,1
06186.HK,中国飞鹤,2026-06-30,2026年中报,9362363000.0,2.3150365689,837086000.0,-16.3001884802,5800076000.0,61.950983955653,9.6251234865,3.436404194232,2.440308412216,0.1,2.757438641933,0.2499,8.61724137931,25542227641.6,12.679954472855,0.91345459576,24.6606358601,,,2
06186.HK,中国飞鹤,2025-12-31,2025年年报,18112585000.0,-12.7043335558,1939458000.0,-45.6753475018,11775400000.0,65.012255291004,11.5599126243,7.701563300309,5.560017872713,0.21,2.773961296336,0.2499,7.653905053599,28757025258.56,13.392360316148,1.028423881088,23.2595466355,2213753000.0,5872123000.0,1
06186.HK,中国飞鹤,2025-06-30,2025年中报,9150525000.0,-9.3553933468,1000105000.0,-46.6613795866,5634862000.0,61.579657997765,11.2839208679,3.8806079374,2.872692793066,0.11,2.907756239673,0.2499,7.653905053599,28757025258.56,13.392360316148,1.028423881088,19.9081766159,77421000.0,5619235000.0,2
06186.HK,中国飞鹤,2024-12-31,2024年年报,20748550000.0,6.2273927831,3570125000.0,5.3131422365,13764803000.0,66.341035879616,17.6114475469,14.034049460823,9.927992041867,0.39,2.944388424348,0.2499,7.653905053599,28757025258.56,13.392360316148,1.028423881088,23.2838533688,4179313000.0,7214612000.0,1
06186.HK,中国飞鹤,2024-06-30,2024年中报,10094947000.0,3.695055841,1875011000.0,10.560565312,6852455000.0,67.88004929595,18.9347304151,7.416661148703,5.222590879268,0.21,2.908520460408,0.2499,7.653905053599,28757025258.56,13.392360316148,1.028423881088,24.0541253612,1567971000.0,7210240000.0,2
06186.HK,中国飞鹤,2023-12-31,2023年年报,19532203000.0,-8.3465608944,3390009000.0,-31.4047738913,12663353000.0,64.833203914582,16.8457802737,13.856323549446,9.454713930052,0.37,2.832176273544,0.2499,7.653905053599,28757025258.56,13.392360316148,1.028423881088,27.2424912856,4145346000.0,7447381000.0,1
06186.HK,中国飞鹤,2023-06-30,2023年中报,9735225000.0,0.6451270741,1695913000.0,-24.8227858931,6359266000.0,65.322229327006,16.6270630622,7.006921962807,4.811895934745,0.19,2.772674916759,0.2499,7.653905053599,28757025258.56,13.392360316148,1.028423881088,26.1398645613,1136562000.0,7580868000.0,2
06186.HK,中国飞鹤,2022-12-31,2022年年报,21310933000.0,-6.4335921627,4942048000.0,-28.0742780864,13950600000.0,65.462173805342,23.2186267959,22.00999886455,14.752999293388,0.55,2.723309731478,0.2499,7.653905053599,28757025258.56,13.392360316148,1.028423881088,28.2714668775,6279079000.0,5579482000.0,1
06186.HK,中国飞鹤,2022-06-30,2022年中报,9672823000.0,-16.2073594379,2255887000.0,-39.6835527311,6536625000.0,67.577221251748,23.4890682896,10.540428188031,7.113317513187,0.25,2.484559384971,0.2499,7.653905053599,28757025258.56,13.392360316148,1.028423881088,26.8111363157,1036070000.0,7249304000.0,2
06186.HK,中国飞鹤,2021-12-31,2021年年报,22776265000.0,22.5026643858,6871044000.0,-7.6084262835,16007589000.0,70.281887745862,30.3600963547,35.538281391407,22.978442573207,0.77,2.375351549259,0.2499,7.653905053599,28757025258.56,13.392360316148,1.028423881088,28.836224181,6814937000.0,5988909000.0,1
06186.HK,中国飞鹤,2021-06-30,2021年中报,11543762000.0,32.5864433998,3740086000.0,35.8484576288,8457088000.0,73.261108467067,32.6172178532,19.731563526643,12.910570431462,0.42,2.289207034737,0.2499,7.653905053599,28757025258.56,13.392360316148,1.028423881088,26.9770548654,2658439000.0,5228645000.0,2
06186.HK,中国飞鹤,2020-12-31,2020年年报,18592465000.0,35.4986904137,7436873000.0,89.013278937,13480278000.0,72.503984813203,39.9980960029,48.327963305472,28.978638302991,0.83,2.014961921966,0.2499,7.653905053599,28757025258.56,13.392360316148,1.028423881088,32.261290341,7747973000.0,5912195000.0,1
01717.HK,澳优,2026-06-30,2026年中报,3163176000.0,-18.6172023319,-705050000.0,-490.7089895486,518778000.0,16.400541734004,-22.0162899567,-12.691881336265,-7.058292001455,-0.3969,2.858910524489,0.05,4.132231404959,2151555257.61,-2.646092681026,0.367603494757,47.0690553931,,,2
01717.HK,澳优,2025-12-31,2025年年报,7487957000.0,1.1552678786,177506000.0,-24.7776247484,2893184000.0,38.637828716164,2.5251747573,3.021816951156,1.7823817569,0.0998,3.389316135018,0.05,4.237288135593,2098210912.38,10.676518316451,0.358489358524,40.6533363846,372436000.0,907578000.0,1
01717.HK,澳优,2025-06-30,2025年中报,3886787000.0,5.588711739,180454000.0,24.1154946627,1627685000.0,41.877391274593,4.65309779,3.04544206831,1.790471015898,0.1014,3.446939674809,0.05,4.237288135593,2098210912.38,10.676518316451,0.358489358524,41.059930588,276973000.0,945078000.0,2
01717.HK,澳优,2024-12-31,2024年年报,7402439000.0,0.2767810976,235975000.0,35.3168527471,3107905000.0,41.984878227298,3.3393453158,4.134447194318,2.39618349074,0.1326,3.217736186655,0.05,4.237288135593,2098210912.38,10.676518316451,0.358489358524,40.1429144209,299374000.0,1214703000.0,1
01717.HK,澳优,2024-06-30,2024年中报,3681063000.0,4.8163438942,145392000.0,-21.2394366197,1597689000.0,43.402924644322,4.0550243231,2.543214059535,1.437787520791,0.0817,3.228225770839,0.05,4.237288135593,2098210912.38,10.676518316451,0.358489358524,42.9797945155,206925000.0,2185267000.0,2
01717.HK,澳优,2023-12-31,2023年年报,7382007000.0,-5.304398223,174387000.0,-19.4614041732,2852550000.0,38.64193030432,2.2873996191,3.075597888155,1.758833007991,0.097,3.201914640878,0.05,4.237288135593,2098210912.38,10.676518316451,0.358489358524,42.701468383,224711000.0,2037602000.0,1
01717.HK,澳优,2023-06-30,2023年中报,3511917000.0,-3.667074098,184600000.0,-10.2615831101,1473446000.0,41.95560430386,5.0151242185,3.223780673941,1.809873654936,0.1025,3.265100157271,0.05,4.237288135593,2098210912.38,10.676518316451,0.358489358524,44.4571922658,-392467000.0,2053510000.0,2
01717.HK,澳优,2022-12-31,2022年年报,7795512000.0,-9.0919035068,216526000.0,-71.6512567525,3392805000.0,43.522542201205,2.4160440007,4.075915109542,2.242595804177,0.1208,3.175540523923,0.05,4.237288135593,2098210912.38,10.676518316451,0.358489358524,43.1910776692,-357537000.0,1861860000.0,1
01717.HK,澳优,2022-06-30,2022年中报,3645604000.0,-15.1023928498,205709000.0,-62.9349740781,1734071000.0,47.075792067098,5.7422247736,4.036404518326,2.350125232981,0.1146,3.386230334652,0.05,4.237288135593,2098210912.38,10.676518316451,0.358489358524,36.4053169205,-489085000.0,1764329000.0,2
01717.HK,澳优,2021-12-31,2021年年报,8575157000.0,11.1129282217,763794000.0,3.6008150534,4153370000.0,50.38422120178,11.2948726704,19.509488084627,11.088934681998,0.4447,3.114786193056,0.05,4.237288135593,2098210912.38,10.676518316451,0.358489358524,42.2584816852,1071319000.0,2262188000.0,1
01717.HK,澳优,2021-06-30,2021年中报,4276031000.0,10.6549416791,598915000.0,45.3147438234,2141890000.0,50.026507149203,13.3846117101,11.475107387756,6.524449578172,0.3489,2.939606425459,0.05,4.237288135593,2098210912.38,10.676518316451,0.358489358524,42.0100111951,100033000.0,1428920000.0,2
01717.HK,澳优,2021-03-31,2021年一季报,2183328000.0,12.9395990652,331434000.0,22.951421735,1115801000.0,51.105514150874,14.7249519999,,,,,0.05,4.237288135593,2098210912.38,10.676518316451,0.358489358524,,,,3
01112.HK,H&H国际控股,2026-06-30,2026年中报,8695910000.0,23.8868799644,610629000.0,759.8349690919,5686004000.0,65.387107272269,7.0220252969,9.766440260006,3.140389010714,0.95,10.090095944622,0.35,1.880709296077,12013896797.94,14.26275089908,1.601938731674,66.5706913828,1695090000.0,1856301000.0,2
01112.HK,H&H国际控股,2025-12-31,2025年年报,14353571000.0,9.9746561906,196140000.0,465.1086167421,8963713000.0,62.449358420981,1.3664892172,3.323214646814,1.025677335841,0.31,9.280081533505,0.35,2.36008091706,9573674879.82,11.365749373098,1.276558376718,69.1248764915,1536810000.0,1669001000.0,1
01112.HK,H&H国际控股,2025-06-30,2025年中报,7019234000.0,4.8878593548,71017000.0,-76.7768792327,4389080000.0,62.529330123486,1.0117485754,1.20136198454,0.371448009126,0.11,9.308761998786,0.35,2.36008091706,9573674879.82,11.365749373098,1.276558376718,69.0166430358,998033000.0,1812024000.0,2
01112.HK,H&H国际控股,2024-12-31,2024年年报,13051708000.0,-6.2812902336,-53721000.0,-109.2328712973,7915512000.0,60.647326771331,-0.4116013015,-0.887320122607,-0.27631137964,-0.08,9.005140973789,0.35,2.36008091706,9573674879.82,11.365749373098,1.276558376718,69.1474323205,1346423000.0,1603920000.0,1
01112.HK,H&H国际控股,2024-06-30,2024年中报,6692132000.0,-4.1358299164,305803000.0,-49.7046120649,4072294000.0,60.851967653955,4.5695900798,4.79502488904,1.514837897217,0.48,10.006466403192,0.35,2.36008091706,9573674879.82,11.365749373098,1.276558376718,68.2290659191,1052540000.0,2379094000.0,2
01112.HK,H&H国际控股,2023-12-31,2023年年报,13926470000.0,9.0056648785,581845000.0,-4.893565202,8294256000.0,59.557490160823,4.1779790571,9.356619726645,2.837922550655,0.91,9.751550276351,0.35,2.36008091706,9573674879.82,11.365749373098,1.276558376718,68.5897943166,1096819000.0,1364283000.0,1
01112.HK,H&H国际控股,2023-06-30,2023年中报,6980848000.0,17.2178679451,608014000.0,27.9725033834,4262446000.0,61.059143530987,8.7097441457,9.497017216462,2.872210412156,0.95,10.320416423193,0.35,2.36008091706,9573674879.82,11.365749373098,1.276558376718,68.830121956,22069000.0,2137724000.0,2
01112.HK,H&H国际控股,2022-12-31,2022年年报,12775914000.0,10.6348078534,611783000.0,20.3150934936,7703488000.0,60.29696192382,4.7885654208,10.173459984623,2.966596590715,0.96,9.513972547991,0.35,2.36008091706,9573674879.82,11.365749373098,1.276558376718,70.7014946555,1469313000.0,2297660000.0,1
01112.HK,H&H国际控股,2022-06-30,2022年中报,5955447000.0,9.7915867795,475113000.0,-5.2340262569,3691467000.0,61.984717519944,7.9777890728,7.911388874504,2.36432158691,0.74,9.488913736927,0.35,2.36008091706,9573674879.82,11.365749373098,1.276558376718,69.2308063236,555863000.0,2111750000.0,2
01112.HK,H&H国际控股,2021-12-31,2021年年报,11547825000.0,3.1545879967,508484000.0,-55.2664129484,7247982000.0,62.764910275312,4.4032880651,8.413126114081,2.711902228075,0.79,9.116385241363,0.35,2.36008091706,9573674879.82,11.365749373098,1.276558376718,70.982844821,1890080000.0,2400070000.0,1
01112.HK,H&H国际控股,2021-06-30,2021年中报,5424320000.0,4.9754945836,501354000.0,-30.1740238578,3422749000.0,63.100056781311,9.2427069199,7.962257912207,2.948314954562,0.78,9.899252736247,0.35,2.36008091706,9573674879.82,11.365749373098,1.276558376718,61.9407075283,354920000.0,1971344000.0,2
01112.HK,H&H国际控股,2020-12-31,2020年年报,11194679000.0,2.4664224061,1136694000.0,13.0983663483,7186991000.0,64.200063262198,10.1538775699,19.271727622777,6.872436161793,1.77,9.608206813446,0.35,2.36008091706,9573674879.82,11.365749373098,1.276558376718,63.976455454,1532552000.0,1830873000.0,1
02460.HK,华润饮料,2026-06-30,2026年中报,5455158000.0,-12.0928955391,592329000.0,-26.42771439,2596836000.0,47.603314147821,11.1395856912,5.562598330288,3.784515158532,0.25,4.406410633724,0.23,3.152844413982,17494844197.0,19.65572540533,1.43792142328,29.831028765,,,2
02460.HK,华润饮料,2025-12-31,2025年年报,11002111000.0,-18.6309383026,985341000.0,-39.7968710095,5025342000.0,45.676161602078,9.1661772909,8.945535232916,5.782030001343,0.41,4.47394804913,0.23,3.048376408217,18094393347.0,20.329328058014,1.487199059444,26.4816051903,1511086000.0,1173525000.0,1
02460.HK,华润饮料,2025-06-30,2025年中报,6205594000.0,-18.519232413,805098000.0,-28.6326437988,2896099000.0,46.669166561654,13.2624531995,7.264016763129,4.089870076326,0.34,4.531058045867,0.23,3.048376408217,18094393347.0,20.329328058014,1.487199059444,44.645225307,2260034000.0,7723830000.0,2
02460.HK,华润饮料,2024-12-31,2024年年报,13521246000.0,0.0482288656,1636694000.0,23.1207041685,6397264000.0,47.312681094627,12.2831801152,17.98225543598,10.327432618729,0.79,4.712030698401,0.23,3.048376408217,18094393347.0,20.329328058014,1.487199059444,36.5513669572,1393030000.0,5700765000.0,1
02460.HK,华润饮料,2024-06-30,2024年中报,7616023000.0,,1128104000.0,,3752621000.0,49.272710967391,15.1635440177,,,0.56,,0.23,3.048376408217,18094393347.0,20.329328058014,1.487199059444,,2288467000.0,4909913000.0,2
02460.HK,华润饮料,2023-12-31,2023年年报,13514728000.0,7.0662111092,1329341000.0,34.3029153129,6035214000.0,44.656570224721,9.8512526482,21.30896623283,11.262452980307,0.66,2.878437072257,0.23,3.048376408217,18094393347.0,20.329328058014,1.487199059444,43.2940124848,1718183000.0,2074698000.0,1
02460.HK,华润饮料,2022-12-31,2022年年报,12622776000.0,11.3131257727,989808000.0,15.3432827472,5259104000.0,41.663608702238,7.8328332848,19.488752218014,10.052239128832,0.49,2.324148487242,0.23,3.048376408217,18094393347.0,20.329328058014,1.487199059444,44.4048587608,844929000.0,2507631000.0,1
02460.HK,华润饮料,2021-12-31,2021年年报,11339881000.0,,858141000.0,,4971366000.0,43.839666395088,7.567460364,18.720471835446,9.442115478564,0.43,1.911424192662,0.23,3.048376408217,18094393347.0,20.329328058014,1.487199059444,49.5626202076,827192000.0,1682810000.0,1
00151.HK,中国旺旺,2026-03-31,2025年年报,24400665000.0,3.7851982267,3837070000.0,-11.4978093974,11297851000.0,46.30140612971,15.6870355787,20.386593315232,13.749631271502,0.3251,1.695609975716,0.1081,3.431746031746,36961227875.25,8.505165699988,1.64029024353,30.4325768995,4525964000.0,5738597000.0,1
00151.HK,中国旺旺,2025-09-30,2025年中报,11107792000.0,2.1252433082,1717427000.0,-7.8322567004,5131748000.0,46.199532724415,15.4597421342,9.652998320616,6.29881618116,0.1455,1.520065864414,0.2673,8.485714285714,36961227875.25,8.505165699988,1.64029024353,34.7420995644,1305422000.0,5018835000.0,2
00151.HK,中国旺旺,2025-03-31,2024年年报,23510737000.0,-0.3204822862,4335565000.0,8.6478699022,11189198000.0,47.591864091713,18.4103756509,25.41908095702,15.861196653464,0.3671,1.512499808953,0.2673,8.485714285714,36961227875.25,8.505165699988,1.64029024353,34.7666512395,4161620000.0,4877126000.0,1
00151.HK,中国旺旺,2024-09-30,2024年中报,10876637000.0,-3.5315958094,1863371000.0,7.5697144457,5141311000.0,47.269307599399,17.1222134195,11.731745688765,6.86770489646,0.1578,1.312531139759,0.2673,8.485714285714,36961227875.25,8.505165699988,1.64029024353,42.5324148847,1433759000.0,3836429000.0,2
00151.HK,中国旺旺,2024-03-31,2023年年报,23586327000.0,2.870297078,3990474000.0,18.3560605342,10990921000.0,46.598696778858,16.8876612285,25.730717150484,14.936883722031,0.3365,1.394734374734,0.2673,8.485714285714,36961227875.25,8.505165699988,1.64029024353,40.2494905865,5151440000.0,5050000000.0,1
00151.HK,中国旺旺,2023-09-30,2023年中报,11274818000.0,4.0789739078,1732245000.0,8.5329819668,5100690000.0,45.239665952923,15.3189701155,11.918955273806,6.496032795976,0.1458,1.228534867761,0.2673,8.485714285714,36961227875.25,8.505165699988,1.64029024353,47.1606772638,1946288000.0,4950255000.0,2
00151.HK,中国旺旺,2023-03-31,2022年年报,22928219000.0,-4.4055734921,3371584000.0,-19.7749041975,10071028000.0,43.9241617502,14.6662547143,21.553743590294,12.077591694721,0.2835,1.248689169791,0.2673,8.485714285714,36961227875.25,8.505165699988,1.64029024353,43.3894417114,4218709000.0,5047949000.0,1
00151.HK,中国旺旺,2022-09-30,2022年中报,10832945000.0,-4.8286296053,1596054000.0,-23.6354241177,4638428000.0,42.817793314745,14.6781692328,10.526568496326,5.73766297256,0.1341,1.166782515872,0.2673,8.485714285714,36961227875.25,8.505165699988,1.64029024353,46.6649413097,1908068000.0,6301983000.0,2
00151.HK,中国旺旺,2022-03-31,2021年年报,23984891000.0,9.0301612845,4202655000.0,1.0785969245,10747394000.0,44.809017476877,17.4656370129,26.655960699939,13.756419923674,0.3516,1.417588842742,0.2673,8.485714285714,36961227875.25,8.505165699988,1.64029024353,44.0391565659,3910453000.0,11055819000.0,1
00151.HK,中国旺旺,2021-09-30,2021年中报,11382567000.0,10.5184388723,2090045000.0,7.0502602956,5323416000.0,46.768149926111,18.3068371133,13.842404046637,6.841951619769,0.1732,1.303826570985,0.2673,8.485714285714,36961227875.25,8.505165699988,1.64029024353,48.475121095,1971075000.0,13677166000.0,2
00151.HK,中国旺旺,2021-03-31,2020年年报,21998400000.0,9.4745630042,4157809000.0,13.9370796185,10605524000.0,48.210433486072,18.8544666885,27.561023409419,13.616979286438,0.3383,1.269756992609,0.2673,8.485714285714,36961227875.25,8.505165699988,1.64029024353,52.0800455321,5415568000.0,16081070000.0,1
00151.HK,中国旺旺,2020-09-30,2020年中报,10299247000.0,10.6961350574,1952396000.0,20.8979059553,4963652000.0,48.194319448791,18.9012944344,13.405717765943,6.550784360229,0.1575,1.180795544653,0.2673,8.485714285714,36961227875.25,8.505165699988,1.64029024353,53.2227410003,2364121000.0,17339163000.0,2
00322.HK,康师傅控股,2026-06-30,2026年中报,40544565000.0,1.1284050701,2433042000.0,7.1297987421,14507101000.0,35.780630523475,7.1273572672,17.448238771261,4.234844992859,0.4316,2.289824605884,0.46088,3.586614785992,72440414726.0,13.683955816551,4.874114581232,72.931129847,3337215000.0,11315028000.0,2
00322.HK,康师傅控股,2025-12-31,2025年年报,79068022000.0,-1.9626460774,4500698000.0,20.519040528,27531704000.0,34.820276647366,6.5460749733,30.817091507398,8.327792047241,0.7986,2.657269884195,0.46088,3.502127659574,74188004497.6,14.014074595005,4.991700224826,66.3282032974,8201664000.0,8031956000.0,1
00322.HK,康师傅控股,2025-06-30,2025年中报,40092163000.0,-2.6917778721,2271116000.0,20.4637964048,13815035000.0,34.458193238414,6.7053104618,16.815508897308,4.16338773854,0.403,2.267560210296,0.46088,3.502127659574,74188004497.6,14.014074595005,4.991700224826,71.2803344552,3119263000.0,11771225000.0,2
00322.HK,康师傅控股,2024-12-31,2024年年报,80650914000.0,0.2895356548,3734429000.0,19.7907207179,26695643000.0,33.100236160994,5.3590651186,26.557214301842,7.026305514784,0.6628,2.524050169944,0.46088,4.028671328671,64491699958.4,12.94247986344,,66.856574803,8263872000.0,7524268000.0,1
00322.HK,康师傅控股,2024-06-30,2024年中报,41201208000.0,0.7180891425,1885310000.0,15.1214835712,13439915000.0,32.620196475793,5.4247559926,14.288578027629,3.453916415501,0.3346,2.216354388738,0.46088,4.028671328671,64491699958.4,12.94247986344,,71.8509137965,3510429000.0,10816885000.0,2
00322.HK,康师傅控股,2023-12-31,2023年年报,80418075000.0,2.1604557162,3117461000.0,18.4305279921,24467089000.0,30.424862818465,4.3729808255,22.866912172721,5.58689973455,0.5533,2.464724450783,0.46088,4.028671328671,64491699958.4,12.94247986344,,67.5966959258,5494843000.0,6786481000.0,1
00322.HK,康师傅控股,2023-06-30,2023年中报,40907456000.0,7.0402872783,1637670000.0,30.6616497802,12465643000.0,30.472789605885,4.7005587441,12.734052371684,2.781444114296,0.2907,2.190658261003,0.46088,4.028671328671,64491699958.4,12.94247986344,,73.6056474737,2842994000.0,14283716000.0,2
00322.HK,康师傅控股,2022-12-31,2022年年报,78717420000.0,6.256728666,2632312000.0,-30.7738471872,22899417000.0,29.090659983521,3.9074375151,16.435770011659,4.433049183356,0.4673,2.371937125842,0.46088,4.028671328671,64491699958.4,12.94247986344,,71.2306678201,4475313000.0,12336453000.0,1
00322.HK,康师傅控股,2022-06-30,2022年中报,38216878000.0,7.9699918349,1253367000.0,-38.415960189,10786231000.0,28.223736643271,3.9107694773,7.362026865057,2.020927909278,0.2225,2.729905672103,0.46088,4.028671328671,64491699958.4,12.94247986344,,70.4902048486,1278828000.0,17119711000.0,2
00322.HK,康师傅控股,2021-12-31,2021年年报,74082292000.0,9.5602839103,3802482000.0,-6.3949823042,22510425000.0,30.385702699371,5.9172939736,19.121065454445,6.24173115467,0.6757,3.310040293211,0.46088,4.028671328671,64491699958.4,12.94247986344,,62.8439915401,5418079000.0,15859238000.0,1
00322.HK,康师傅控股,2021-06-30,2021年中报,35395833000.0,7.4736762489,2035214000.0,-14.5022897114,10991819000.0,31.053991581438,6.7985064796,10.084383291334,3.185757408105,0.3618,3.414872206843,0.46088,4.028671328671,64491699958.4,12.94247986344,,65.5703106465,2691554000.0,23096761000.0,2
00322.HK,康师傅控股,2020-12-31,2020年年报,67617835000.0,9.0994588771,4062263000.0,21.9539529046,22432155000.0,33.174908661302,6.7640201731,19.966249294874,6.799274908128,0.7223,3.745126314174,0.46088,4.028671328671,64491699958.4,12.94247986344,,59.7938876669,8553854000.0,21431153000.0,1
00220.HK,统一企业中国,2026-06-30,2026年中报,17320967000.0,1.3717073665,1402353000.0,8.9874952398,6065896000.0,35.020538980301,8.0962743015,10.562503017502,5.595825447729,0.3247,2.998749575745,0.5497,7.329333333333,32395005000.0,13.096489924154,2.172280424044,49.4683183944,926734000.0,1609942000.0,2
00220.HK,统一企业中国,2025-12-31,2025年年报,31714309000.0,4.5589451657,2050234000.0,10.8762605327,10529208000.0,33.200181028696,6.4646970552,15.186957329632,8.566735789548,0.4747,3.148823638089,0.5497,6.998090388288,33928368570.0,13.716390447231,2.275101697449,44.4609762885,3284365000.0,435104000.0,1
00220.HK,统一企业中国,2025-06-30,2025年中报,17086589000.0,10.6031391799,1286710000.0,33.2421380294,5864808000.0,34.324042089384,7.5305258411,9.808858717246,5.534728495331,0.2979,2.971884554424,0.5497,6.998090388288,33928368570.0,13.716390447231,2.275101697449,44.4776567171,872009000.0,203546000.0,2
00220.HK,统一企业中国,2024-12-31,2024年年报,30331512000.0,6.0866164362,1849119000.0,10.9209626528,9869668000.0,32.539320822516,6.096362753,13.808934507632,8.126128916496,0.4281,3.102124077462,0.5497,7.489100817439,31703911560.0,13.966994498786,2.125938441664,42.6806302504,4373264000.0,610016000.0,1
00220.HK,统一企业中国,2024-06-30,2024年中报,15448557000.0,6.0162462255,965693000.0,10.1620901403,5227978000.0,33.841206010374,6.251023963,7.457956402419,4.411280296938,0.2236,2.897347137313,0.5497,7.489100817439,31703911560.0,13.966994498786,2.125938441664,42.1922508688,1486707000.0,313570000.0,2
00220.HK,统一企业中国,2023-12-31,2023年年报,28591271000.0,1.1814201659,1667060000.0,36.4030971471,8711731000.0,30.469897613156,5.8306606936,12.55139997282,7.591594562965,0.386,3.098250100594,0.5497,7.489100817439,31703911560.0,13.966994498786,2.125938441664,39.5398698974,3053504000.0,931995000.0,1
00220.HK,统一企业中国,2023-06-30,2023年中报,14571877000.0,4.5335759558,876611000.0,42.6852353723,4532896000.0,31.107152496552,6.0157727107,6.802528512973,3.981764148752,0.203,2.915204056922,0.5497,7.489100817439,31703911560.0,13.966994498786,2.125938441664,43.4001056865,853189000.0,101520000.0,2
00220.HK,统一企业中国,2022-12-31,2022年年报,28257432000.0,11.9966130034,1222157000.0,-18.5616855965,8187917000.0,28.976153954825,4.3250816281,9.070936970505,5.574300267179,0.283,3.051709592266,0.5497,7.489100817439,31703911560.0,13.966994498786,2.125938441664,39.4916535284,1430280000.0,108519000.0,1
00220.HK,统一企业中国,2022-06-30,2022年中报,13939901000.0,7.1745242655,614367000.0,-27.4878697355,4198832000.0,30.120959969515,4.4072551161,4.665322226374,2.762029353623,0.1422,2.910703594582,0.5497,7.489100817439,31703911560.0,13.966994498786,2.125938441664,43.9269556812,180396000.0,51794000.0,2
00220.HK,统一企业中国,2021-12-31,2021年年报,25230613000.0,10.8461923654,1500715000.0,-7.6882431785,8218910000.0,32.575149878443,5.9479926231,10.854361414147,6.795221259851,0.3474,3.186903582821,0.5497,7.489100817439,31703911560.0,13.966994498786,2.125938441664,37.6157482416,2421360000.0,285573000.0,1
00220.HK,统一企业中国,2021-06-30,2021年中报,13006730000.0,10.0724333452,847261000.0,-20.4531179438,4532741000.0,34.849197300167,6.5140200496,6.276450013364,3.883826304707,0.1962,3.035552008712,0.5497,7.489100817439,31703911560.0,13.966994498786,2.125938441664,39.0892206347,442170000.0,479676000.0,2
00220.HK,统一企业中国,2020-12-31,2020年年报,22761822000.0,3.3700902059,1625703000.0,18.993465143,8065931000.0,35.436227381095,7.1422358017,11.814932580625,7.412907559544,0.3764,3.214970872824,0.5497,7.489100817439,31703911560.0,13.966994498786,2.125938441664,37.1774342731,3215227000.0,486300000.0,1
00345.HK,VITASOY INT'L,2026-03-31,2025年年报,5351696807.25,-3.3861022047,242300904.9,16.9375388837,2731222171.4,51.034695532452,4.6451212681,9.171305006499,4.977244173563,0.23221585,2.517423593613,0.175,2.72373540856,6537791446.825,23.823860502529,2.253476039707,44.0441204634,629334090.85,1065891942.3,1
00345.HK,VITASOY INT'L,2025-09-30,2025年中报,2945880611.7,-6.2959022054,156706626.14,0.661525379,1504734377.86,51.07927225169,5.539992531,5.645518980522,3.048867081648,0.14790276,2.689464755397,0.277,4.216133942161,6685336934.73,24.361519611146,2.304332697412,44.7151286608,404425489.54,1163098174.84,2
00345.HK,VITASOY INT'L,2025-03-31,2024年年报,5789452445.55,0.9081692609,216564207.42,101.6671393093,2969247975.18,51.28719862726,3.8346176867,7.7097526528,4.158897406781,0.20209977,2.796144137942,0.277,4.216133942161,6685336934.73,24.361519611146,2.304332697412,43.6652327084,792726658.11,1170586784.25,1
00345.HK,VITASOY INT'L,2024-09-30,2024年中报,3105279596.98,1.5419747338,153768721.85,4.8155592847,1602557482.15,51.607510116273,5.1034395036,5.529694930381,2.909572966865,0.14338461,2.80287567951,0.277,4.216133942161,6685336934.73,24.361519611146,2.304332697412,46.1327728935,527417292.24,1207677168.0,2
00345.HK,VITASOY INT'L,2024-03-31,2023年年报,5636132855.65,-1.9467684158,105492503.85,154.5154305461,2820673212.35,50.046251296621,1.8945740659,3.885845949635,2.026202889829,0.09881395,2.676792536782,0.277,4.216133942161,6685336934.73,24.361519611146,2.304332697412,44.7790416192,716666756.65,582869948.7,1
00345.HK,VITASOY INT'L,2023-09-30,2023年中报,3111840244.73,-6.8843867736,149280966.03,14.7248608966,1570688000.77,50.474570583436,4.9053262133,5.401705371788,2.8087538381,0.13947976,2.740210467514,0.277,4.216133942161,6685336934.73,24.361519611146,2.304332697412,45.0939489604,505916947.9,651288810.13,2
00345.HK,VITASOY INT'L,2023-03-31,2022年年报,5550588754.19,-2.4711688507,40024620.61,128.8006299213,2636556336.36,47.500480635856,0.3321000562,1.464799760614,0.722482485279,0.03764263,2.567771894019,0.277,4.216133942161,6685336934.73,24.361519611146,2.304332697412,46.9941032758,439766590.55,485664336.85,1
00345.HK,VITASOY INT'L,2022-09-30,2022年中报,3293873704.92,1.0493683119,128250496.44,332.2674064139,1571551326.24,47.711341327161,3.7457717731,4.40141011743,2.144030184345,0.12029052,2.8314079,0.277,4.216133942161,6685336934.73,24.361519611146,2.304332697412,46.5187443958,447177747.0,812006232.0,2
00345.HK,VITASOY INT'L,2022-03-31,2021年年报,5272550377.15,-13.5455689946,-128747837.5,-128.9506990112,2490352997.81,47.232417325069,-2.4823206124,-4.618876497207,-2.254406388171,-0.12084049,2.59661619375,0.277,4.216133942161,6685336934.73,24.361519611146,2.304332697412,47.568149232,100881533.9,503933228.65,1
00345.HK,VITASOY INT'L,2021-09-30,2021年中报,3002409053.38,-18.2795286883,27327700.24,-95.1177621836,1438303081.8,47.904967518693,1.1369081592,0.937275218879,0.46327192363,0.02582486,2.770285810757,0.277,4.216133942161,6685336934.73,24.361519611146,2.304332697412,46.3093498233,228365071.68,665992316.18,2
00345.HK,VITASOY INT'L,2021-03-31,2020年年报,6355598932.06,3.9705551541,463451072.28,2.3266489761,3342184017.9,52.586452569258,7.8393929001,16.260675640672,8.012709958899,0.4352677,3.003489155111,0.277,4.216133942161,6685336934.73,24.361519611146,2.304332697412,45.6205189097,1064729027.88,819846574.68,1
00345.HK,VITASOY INT'L,2020-09-30,2020年中报,3875370486.4,-5.8542187668,590416361.6,26.0115639458,2117426101.12,54.638030313509,15.8621573178,19.840755425457,10.1218682549,0.55447232,3.147320869386,0.277,4.216133942161,6685336934.73,24.361519611146,2.304332697412,42.3922220965,636530708.48,568965048.96,2
01876.HK,百威亚太,2026-06-30,2026年中报,21597363900.0,1.1160714286,3221555700.0,15.6479217604,11203930500.0,51.876379690949,15.4840744245,4.697586652101,3.236068826326,0.24314913,5.079093256813,0.4425,7.189277010561,81513108535.0,18.939231313186,1.052535360532,31.3208852006,3609777000.0,17320118700.0,2
01876.HK,百威亚太,2026-03-31,2026年一季报,10330664200.0,2.1902806297,1563784400.0,-3.4188034188,5279502200.0,51.105157401206,15.7401205626,,,0.11832174,,0.4425,6.385281385281,91776741210.0,24.432773190384,1.185064183344,,,,3
01876.HK,百威亚太,2025-12-31,2025年年报,40514003200.0,-7.7169388409,3437083200.0,-32.6446280992,20292145600.0,50.086745315753,9.0215128383,4.783331703023,3.309532672329,0.2600656,5.446453474135,0.4425,6.385281385281,91776741210.0,24.432773190384,1.185064183344,30.088675286,6684388800.0,19877446400.0,1
01876.HK,百威亚太,2025-09-30,2025年三季报,33331900500.0,-8.09169279,4220667000.0,-19.9460916442,17138466000.0,51.417608185888,13.2594329567,,,0.31903695,,0.4425,6.385281385281,91776741210.0,24.432773190384,1.185064183344,,,,4
01876.HK,百威亚太,2025-06-30,2025年中报,22449369600.0,-7.7375698735,2927867400.0,-24.3992606285,11546821800.0,51.434948979592,13.6160714286,3.993360671744,2.767065827752,0.2219166,5.56757303281,0.4425,6.385281385281,91776741210.0,24.432773190384,1.185064183344,29.8363095238,1911346200.0,17194957200.0,2
01876.HK,百威亚太,2025-03-31,2025年一季报,10487350200.0,-11.0772976263,1679698800.0,-18.4668989547,5347759000.0,50.992470910335,16.5639972621,,,0.12705414,,0.4425,6.385281385281,91776741210.0,24.432773190384,1.185064183344,,,,3
01876.HK,百威亚太,2024-12-31,2024年年报,44898746400.0,-8.8973162194,5218778400.0,-14.7887323944,22621894800.0,50.384245917387,12.0076849183,6.924507606467,4.682058557978,0.39608084,5.527786080867,0.4425,6.385281385281,91776741210.0,24.432773190384,1.185064183344,30.7078089051,8151645600.0,20609142800.0,1
01876.HK,百威亚太,2024-09-30,2024年三季报,35765769600.0,-8.2509437354,5199490800.0,-15.2,18401432400.0,51.449843260188,14.9490595611,,,0.39381588,,0.4425,6.385281385281,91776741210.0,24.432773190384,1.185064183344,,,,4
01876.HK,百威亚太,2024-06-30,2024年中报,24223993200.0,-7.2831423895,3855598800.0,-5.9130434783,12479026800.0,51.515151515152,16.2694910268,5.134776006074,3.436229674797,0.2921988,5.535844889344,0.4425,6.385281385281,91776741210.0,24.432773190384,1.185064183344,32.1030549364,1589276400.0,17147080800.0,2
01876.HK,百威亚太,2024-03-31,2024年一季报,11657085000.0,-3.4665099882,2036265000.0,-3.367003367,6002370000.0,51.491174680463,17.8332318929,,,0.154671,,0.4425,6.385281385281,91776741210.0,24.432773190384,1.185064183344,,,,3
01876.HK,百威亚太,2023-12-31,2023年年报,48558991200.0,5.8351343007,6034460400.0,-6.6812705367,24456563100.0,50.364644107351,12.8354725788,7.907559515523,5.28699968973,0.45683415,5.767924913827,0.4425,6.385281385281,91776741210.0,24.432773190384,1.185064183344,33.1649624245,12826769700.0,22246760700.0,1
01876.HK,百威亚太,2023-09-30,2023年三季报,39941227400.0,4.705439488,6282325000.0,-5.4054054054,20361912800.0,50.979687219126,16.1423692252,,,0.47530276,,0.4425,6.385281385281,91776741210.0,24.432773190384,1.185064183344,,,,4
00291.HK,华润啤酒,2026-06-30,2026年中报,24240000000.0,1.2446746304,5169000000.0,-10.7099671791,11551000000.0,47.652640264026,20.9282178218,15.239920395076,7.211367425379,1.59,10.965185019712,1.148,5.789208270298,64332028026.15,19.286696180875,1.570730130777,47.5723997645,,,2
00291.HK,华润啤酒,2025-12-31,2025年年报,37985000000.0,-1.6824123204,3371000000.0,-28.8668495463,16360000000.0,43.06963274977,8.3559299724,10.54195202802,4.887596871126,1.04,9.944587161778,1.148,5.180505415162,71890960214.8,21.552858667079,1.755288940898,47.5995512363,7127000000.0,6918000000.0,1
00291.HK,华润啤酒,2025-06-30,2025年中报,23942000000.0,0.8338948787,5789000000.0,23.0393198725,11704000000.0,48.884804945284,24.0456102247,17.053304464378,8.24097997765,1.78,11.158762626109,1.148,5.180505415162,71890960214.8,21.552858667079,1.755288940898,43.7212895975,6373000000.0,8384000000.0,2
00291.HK,华润啤酒,2024-12-31,2024年年报,38635000000.0,-0.7628685914,4739000000.0,-8.0341548612,16475000000.0,42.642681506406,12.3178465122,15.290302805427,6.730004544422,1.46,9.768887741959,1.148,5.180505415162,71890960214.8,21.552858667079,1.755288940898,48.6567207249,6928000000.0,3816000000.0,1
00291.HK,华润啤酒,2024-06-30,2024年中报,23744000000.0,-0.5320263081,4705000000.0,1.2045601205,11139000000.0,46.912904312669,19.9334568733,14.898670044332,6.560188509561,1.45,10.130458653271,1.148,5.180505415162,71890960214.8,21.552858667079,1.755288940898,48.8688349069,6012000000.0,6499000000.0,2
00291.HK,华润啤酒,2023-12-31,2023年年报,38932000000.0,10.4046734538,5153000000.0,18.623388582,16103000000.0,41.361861707593,13.3925819377,17.975372379391,7.999254872436,1.59,9.338270041103,1.148,5.180505415162,71890960214.8,21.552858667079,1.755288940898,52.2202337677,4149000000.0,5520000000.0,1
00291.HK,华润啤酒,2023-06-30,2023年中报,23871000000.0,13.6011040784,4649000000.0,22.2777485534,10991000000.0,46.043316157681,19.6807842152,16.100711700636,6.921811373568,1.43,9.466191548515,1.148,5.180505415162,71890960214.8,21.552858667079,1.755288940898,54.8522384959,4786000000.0,12932000000.0,2
00291.HK,华润啤酒,2022-12-31,2022年年报,35263000000.0,5.6189534849,4344000000.0,-5.2975801177,13561000000.0,38.456739358534,12.3358761308,16.87940782188,8.017274790986,1.34,8.334625635959,1.148,5.180505415162,71890960214.8,21.552858667079,1.755288940898,52.7559192504,6846000000.0,10208000000.0,1
00291.HK,华润啤酒,2022-06-30,2022年中报,21013000000.0,7.0235306102,3802000000.0,-11.3959450012,8878000000.0,42.250035692191,18.0983200876,14.681237208943,7.060418388286,1.17,8.434188640524,1.148,5.180505415162,71890960214.8,21.552858667079,1.755288940898,51.6223563888,6478000000.0,14408000000.0,2
00291.HK,华润啤酒,2021-12-31,2021年年报,33387000000.0,6.1657339099,4587000000.0,119.0544412607,13074000000.0,39.158954083925,13.7478659358,20.096825779316,9.674357784621,1.41,7.531031973733,1.148,5.180505415162,71890960214.8,21.552858667079,1.755288940898,52.0322018295,4995000000.0,5376000000.0,1
00291.HK,华润啤酒,2021-06-30,2021年中报,19634000000.0,12.7872242647,4291000000.0,106.3973063973,8305000000.0,42.299073036569,21.880411531,18.53403593642,8.877808581951,1.32,7.732932184227,1.148,5.180505415162,71890960214.8,21.552858667079,1.755288940898,52.4530656231,6350000000.0,11723000000.0,2
00291.HK,华润啤酒,2020-12-31,2020年年报,31448000000.0,-5.248568846,2094000000.0,59.6036585366,12075000000.0,38.396718392267,6.6586110404,10.242864480153,4.90593444697,0.65,6.540025597032,1.148,5.180505415162,71890960214.8,21.552858667079,1.755288940898,51.4014848658,4480000000.0,4538000000.0,1
00168.HK,青岛啤酒股份,2026-06-30,2026年中报,19654849637.0,-4.0813589465,3919809697.0,0.3965946124,8817857905.0,44.863522580201,20.2834810677,12.64449229825,7.284597977854,2.873,22.981552597123,2.7,6.509161041466,56586813619.08,10.653695105257,1.567668409162,41.9167642888,,,2
00168.HK,青岛啤酒股份,2026-03-31,2026年一季报,10285128726.0,-1.5356682087,1799783004.0,5.2286111031,4396171459.0,42.74298918483,17.8184120085,5.705421510994,3.411916233104,1.319,23.780560576422,2.7,6.299580027998,58469402886.06,11.105910851731,1.619823240518,37.629012104,2996964504.0,2270932019.0,3
00168.HK,青岛啤酒股份,2025-12-31,2025年年报,32473493664.0,1.0444499577,4588101137.0,5.5953551715,13588343859.0,41.844416247901,14.5269758031,15.368120592012,8.861446226875,3.363,22.466689574827,2.7,6.299580027998,58469402886.06,11.105910851731,1.619823240518,39.5525851457,4592509302.0,2287130298.0,1
00168.HK,青岛啤酒股份,2025-09-30,2025年三季报,29366671110.0,1.4067424793,5274352712.0,5.7007896505,12820299374.0,43.655950400297,18.3958040657,17.466618513974,10.260303620582,3.867,22.968219977969,2.7,6.299580027998,58469402886.06,11.105910851731,1.619823240518,37.3458015949,5816206274.0,2096650815.0,4
00168.HK,青岛啤酒股份,2025-06-30,2025年中报,20491167745.0,2.1071024845,3904325353.0,7.2130045736,8954096882.0,43.697348015634,19.3935571045,13.229812214015,7.523554207518,2.862,21.963688278724,2.7,6.299580027998,58469402886.06,11.105910851731,1.619823240518,41.2430943382,4799544157.0,4607496049.0,2
00168.HK,青岛啤酒股份,2025-03-31,2025年一季报,10445537525.0,2.9115476981,1710355183.0,7.081610604,4349300225.0,41.637878515974,16.6406946875,5.717253867196,3.330405147649,1.254,22.556134674814,2.7,6.299580027998,58469402886.06,11.105910851731,1.619823240518,38.4734760616,1789631626.0,1296521626.0,3
00168.HK,青岛啤酒股份,2024-12-31,2024年年报,32137830111.0,-5.3001677388,4344983858.0,1.8072900076,12927914288.0,40.226469065735,13.9766022488,15.377789458667,8.631583925651,3.191,21.302219953475,2.7,6.299580027998,58469402886.06,11.105910851731,1.619823240518,41.9305368331,5154661132.0,4046010946.0,1
00168.HK,青岛啤酒股份,2024-09-30,2024年三季报,28959288497.0,-6.5167416858,4989889602.0,1.674551132,12094008032.0,41.762103489707,17.7151707147,17.432915634866,10.017117907222,3.667,21.842389220801,2.7,6.299580027998,58469402886.06,11.105910851731,1.619823240518,39.1076237579,6230708571.0,5217962744.0,4
00168.HK,青岛啤酒股份,2024-06-30,2024年中报,20068307930.0,-7.0558380241,3641652772.0,6.3053826824,8349104014.0,41.603427868071,18.5423144043,13.042359218442,7.136163468442,2.672,20.813729778762,2.7,6.299580027998,58469402886.06,11.105910851731,1.619823240518,44.673600085,5713872510.0,7959172830.0,2
00168.HK,青岛啤酒股份,2024-03-31,2024年一季报,10150014997.0,-5.1948182091,1597244544.0,10.0606464657,4104726590.0,40.440596306638,15.994885096,5.652260952482,3.203605085692,1.175,21.307461725631,2.7,6.299580027998,58469402886.06,11.105910851731,1.619823240518,40.8528361116,2853166067.0,6183503443.0,3
00168.HK,青岛啤酒股份,2023-12-31,2023年年报,33936522741.0,5.4860777919,4267851406.0,15.0169384791,13119633086.0,38.659332266089,12.8127414738,16.122043024573,8.572761906287,3.139,20.121372517356,2.7,6.299580027998,58469402886.06,11.105910851731,1.619823240518,42.6369565842,2777567140.0,9292085271.0,1
00168.HK,青岛啤酒股份,2023-09-30,2023年三季报,30978047855.0,6.417776519,4907707530.0,15.0155961279,12306801282.0,39.727491350019,16.1369470355,18.313372874436,9.809310784068,3.612,20.599809588382,2.7,6.299580027998,58469402886.06,11.105910851731,1.619823240518,41.8614213112,5084279541.0,11591453409.0,4
00506.HK,中国食品,2026-06-30,2026年中报,12763435000.0,3.9531812067,623082000.0,7.8285699452,4679702000.0,36.66491034741,8.279205402,8.910727547385,3.290891003714,0.2228,2.534172998173,0.177,4.707446808511,10517559968.96,10.131811704437,1.288683922666,43.0749155926,,,2
00506.HK,中国食品,2025-12-31,2025年年报,22070162000.0,2.6910296205,861968000.0,0.1665243134,8182783000.0,37.07622535802,6.4704871672,12.905339265818,4.790876986749,0.3082,2.465422679455,0.177,5.323308270677,9300767791.7,9.745883240235,1.139594160337,42.5564897893,3229308000.0,4549480000.0,1
00506.HK,中国食品,2025-06-30,2025年中报,12278061000.0,8.318842224,577845000.0,2.2314730942,4675673000.0,38.081526065068,7.966160129,8.839722970154,3.179552043268,0.2066,2.363718253413,0.177,5.323308270677,9300767791.7,9.745883240235,1.139594160337,45.8647582196,1881448000.0,5046875000.0,2
00506.HK,中国食品,2024-12-31,2024年年报,21491811000.0,0.2115736153,860535000.0,3.3580077278,8120844000.0,37.785759422508,6.619158339,13.793487590774,5.088313986996,0.3076,2.310140122966,0.177,5.323308270677,9300767791.7,9.745883240235,1.139594160337,42.0502140909,2847149000.0,4014404000.0,1
00506.HK,中国食品,2024-06-30,2024年中报,11335111000.0,-8.9980279219,565232000.0,-5.8903448161,3917825000.0,34.563622711767,8.5181344938,9.279708346019,3.40118213271,0.2021,2.204570077892,0.177,5.323308270677,9300767791.7,9.745883240235,1.139594160337,40.0237588334,1639722000.0,3661582000.0,2
00506.HK,中国食品,2023-12-31,2023年年报,21446436000.0,2.2825387282,832577000.0,26.1793839681,7543806000.0,35.175103219948,6.460569952,14.434854461579,5.321925628925,0.2976,2.150501103559,0.177,5.323308270677,9300767791.7,9.745883240235,1.139594160337,40.2983444626,2429687000.0,2293015000.0,1
00506.HK,中国食品,2023-06-30,2023年中报,12455896000.0,4.7266888896,600610000.0,24.7377974571,4418374000.0,35.472149093088,8.1638125431,10.626803781883,3.855946274453,0.2147,2.067573511744,0.177,5.323308270677,9300767791.7,9.745883240235,1.139594160337,41.541768053,1478089000.0,2276257000.0,2
00506.HK,中国食品,2022-12-31,2022年年报,20967837000.0,5.9815495242,659836000.0,15.2723111728,7498330000.0,35.761104018502,5.7727747502,12.359202359846,4.36529116005,0.2359,1.973462687283,0.177,5.323308270677,9300767791.7,9.745883240235,1.139594160337,41.1655150002,1141066000.0,1037408000.0,1
00506.HK,中国食品,2022-06-30,2022年中报,11893717000.0,6.0156724022,481498000.0,19.0212286305,4311179000.0,36.247533046229,7.3969222574,9.171994080753,3.194018066874,0.1721,1.909707321782,0.177,5.323308270677,9300767791.7,9.745883240235,1.139594160337,42.6629373721,1265309000.0,1991970000.0,2
00506.HK,中国食品,2021-12-31,2021年年报,19784422000.0,14.6980330263,572415000.0,14.7736067723,7060888000.0,35.689129558599,5.4319656142,11.322224762821,3.781030188793,0.2046,1.843768004863,0.177,5.323308270677,9300767791.7,9.745883240235,1.139594160337,44.6910627487,1073988000.0,1591703000.0,1
00506.HK,中国食品,2021-06-30,2021年中报,11218829000.0,19.3346071487,404548000.0,22.4604207659,4361790000.0,38.87919140224,6.6489648786,8.041077177728,2.664134250376,0.1446,1.826137307197,0.177,5.323308270677,9300767791.7,9.745883240235,1.139594160337,44.3620927186,699650000.0,1928959000.0,2
00506.HK,中国食品,2020-12-31,2020年年报,17249138000.0,0.4490500743,498734000.0,19.3746125437,6825575000.0,39.570528104071,5.5264384806,10.505869361985,3.374549149153,0.1783,1.771013715631,0.177,5.323308270677,9300767791.7,9.745883240235,1.139594160337,46.5313213757,2214333000.0,1860415000.0,1
01458.HK,周黑鸭,2026-06-30,2026年中报,1461327000.0,19.5299866428,91496000.0,-15.2343894756,799873000.0,54.736072076955,6.2611585224,2.637708834952,2.032041250242,0.05,1.635974849416,0.09,7.258064516129,2580520600.0,16.081699248242,0.658324301492,22.9767706608,176284000.0,411037000.0,2
01458.HK,周黑鸭,2025-12-31,2025年年报,2536249000.0,3.4767381753,156692000.0,59.5576554926,1459537000.0,57.547070496627,6.1781000209,4.377196130048,3.416398350146,0.08,1.697672105388,0.09,7.228915662651,2590925925.0,16.146544809727,0.660978834966,22.9475285722,375856000.0,444854000.0,1
01458.HK,周黑鸭,2025-06-30,2025年中报,1222561000.0,-2.9336782291,107940000.0,227.9555190958,716585000.0,58.613435239632,8.8290073052,3.043421624703,2.421246675104,0.05,1.66589174293,0.09,7.228915662651,2590925925.0,16.146544809727,0.660978834966,19.9027742223,210811000.0,437517000.0,2
01458.HK,周黑鸭,2024-12-31,2024年年报,2451033000.0,-10.6645288647,98204000.0,-15.0308022427,1391893000.0,56.788015502035,4.0066372015,2.597332183007,2.0715846798,0.04,1.742618803353,0.09,7.228915662651,2590925925.0,16.146544809727,0.660978834966,20.9531949138,416387000.0,805456000.0,1
01458.HK,周黑鸭,2024-06-30,2024年中报,1259511000.0,-10.9737737177,32913000.0,-67.6505278056,697657000.0,55.391100196822,2.6131570109,0.862233263531,0.686472724686,0.01,1.777431747687,0.09,7.2,2601331250.0,14.994858777889,0.663633368439,21.2278523604,193753000.0,699354000.0,2
01458.HK,周黑鸭,2023-12-31,2023年年报,2743628000.0,17.0812933433,115576000.0,357.1292963651,1438161000.0,52.418221420688,4.2125244384,2.880858614316,2.175552739968,0.05,1.891055781535,0.09,7.2,2601331250.0,14.994858777889,0.663633368439,19.5748682013,361180000.0,384477000.0,1
01458.HK,周黑鸭,2023-06-30,2023年中报,1414764000.0,19.7858227822,101742000.0,453.637699298,742813000.0,52.504375288034,7.1914467713,2.446538921243,1.810805512294,0.04,2.032089338872,0.09,7.2,2601331250.0,14.994858777889,0.663633368439,23.1874002132,156604000.0,791729000.0,2
01458.HK,周黑鸭,2022-12-31,2022年年报,2343353000.0,-18.3490170431,25283000.0,-92.6164637993,1289484000.0,55.027304891751,1.0789240887,0.609330446266,0.408787434253,0.01,1.964527297321,0.09,7.2,2601331250.0,14.994858777889,0.663633368439,28.672201132,467639000.0,487541000.0,1
01458.HK,周黑鸭,2022-06-30,2022年中报,1181078000.0,-18.7129552393,18377000.0,-91.9945459931,671529000.0,56.857294776467,1.5559514274,0.445984585538,0.278180517464,0.01,1.936885200606,0.09,7.2,2601331250.0,14.994858777889,0.663633368439,38.6882973249,321921000.0,628276000.0,2
01458.HK,周黑鸭,2021-12-31,2021年年报,2869963000.0,31.5590359303,342424000.0,126.4394495474,1658393000.0,57.784473179619,11.931303644,8.240100269986,5.053137602906,0.15,2.023150646424,0.09,7.2,2601331250.0,14.994858777889,0.663633368439,36.5729767921,539834000.0,271493000.0,1
01458.HK,周黑鸭,2021-06-30,2021年中报,1452972000.0,60.8212779616,229556000.0,644.0489169076,857207000.0,58.996801039525,15.7990656393,5.545422295639,3.350894353756,0.1,2.007752761206,0.09,7.2,2601331250.0,14.994858777889,0.663633368439,38.4307796001,322338000.0,380903000.0,2
01458.HK,周黑鸭,2020-12-31,2020年年报,2181502000.0,-31.5293593301,151221000.0,-62.8858161041,1210156000.0,55.473522371284,6.9319670576,3.626723803617,2.440267143098,0.07,1.970554980263,0.09,7.2,2601331250.0,14.994858777889,0.663633368439,40.6953341708,534799000.0,271401000.0,1
01929.HK,周大福,2026-03-31,2025年年报,83349067280.0,5.2895511734,7950346685.0,52.2153664103,26930328180.0,32.310293394803,9.6192308344,31.374523509202,11.090480351819,0.8034845,2.771847303281,0.67,4.926470588235,134182104320.0,14.902002856413,4.33217226136,62.7756262048,1162845150.0,7295021195.0,1
01929.HK,周大福,2025-09-30,2025年中报,35593529578.0,-1.0698416807,2313126128.0,0.1264622194,10871583244.0,30.543706603123,6.5777289855,9.634009544271,3.095900705363,0.2328099,2.421786465875,0.99,8.114754098361,120369240640.0,13.367973150606,3.886213352102,68.8949295526,-2693108404.0,9421953600.0,2
01929.HK,周大福,2025-03-31,2024年年报,82737246480.0,-17.5296422691,5459000865.0,-8.9825058083,24413283084.0,29.507004550727,6.6798652628,22.690658299514,7.155411101985,0.54631536,2.471653483718,0.99,8.114754098361,120369240640.0,13.367973150606,3.886213352102,64.2030515757,9463160235.0,6997266192.0,1
01929.HK,周大福,2024-09-30,2024年中报,35537469783.0,-20.43076103,2281889416.0,-44.4002548834,11162356620.0,31.410105131738,6.5063426691,9.911476694085,2.880669211425,0.22815287,2.316551825262,0.99,8.114754098361,120369240640.0,13.367973150606,3.886213352102,69.6285159056,1003692270.0,3462242347.0,2
01929.HK,周大福,2024-03-31,2023年年报,98553770150.0,14.8161682389,5891940415.0,20.7061139588,23608737720.0,20.498928371032,6.0776540064,22.368031607712,7.378881070848,0.5892575,2.362776271893,0.99,8.114754098361,120369240640.0,13.367973150606,3.886213352102,69.8875240658,12542663180.0,6976264870.0,1
01929.HK,周大福,2023-09-30,2023年中报,45446818669.0,6.4271500836,4176225893.0,36.4443111977,11296667641.0,24.923525480401,9.3217139177,15.527862364271,5.280188416558,0.41752165,2.438724942966,0.67,4.951958610495,133491461136.0,14.825301371123,4.309874315897,68.0263629789,7266895496.0,5448152836.0,2
01929.HK,周大福,2023-03-31,2022年年报,82887670604.0,-4.2989679364,4713557604.0,-19.7830847846,18533742815.0,22.360071986515,5.7976815611,16.312236146308,6.150865500937,0.47097058,2.874524213621,0.67,4.951958610495,133491461136.0,14.825301371123,4.309874315897,61.8048900567,8811789519.0,10237919950.0,1
01929.HK,周大福,2022-09-30,2022年中报,42088477176.0,5.3170687548,3016759620.0,-6.8452214713,9914471280.0,23.556260395312,7.2815533981,10.207485387276,3.731301542413,0.30208296,2.909098781115,0.67,4.951958610495,133491461136.0,14.825301371123,4.309874315897,64.2182377331,-818427756.0,10975469844.0,2
01929.HK,周大福,2022-03-31,2021年年报,80239464077.0,41.0096089436,5443742423.0,11.3815876809,18117720097.0,22.579562694504,6.9537698976,20.85005529118,8.829330693773,0.54418771,2.763498198094,0.67,4.951958610495,133491461136.0,14.825301371123,4.309874315897,60.615724441,11304019582.0,12118273622.0,1
01929.HK,周大福,2021-09-30,2021年中报,36809589160.0,79.0835474641,2982854636.0,60.4211469534,8992216252.0,24.42900466211,8.2917666229,11.376681393505,4.988829263637,0.29823548,2.717038766345,0.67,4.951958610495,133491461136.0,14.825301371123,4.309874315897,58.3551772226,2709527650.0,5710376382.0,2
01929.HK,周大福,2021-03-31,2020年年报,59301040484.0,23.6349091114,5093392752.0,107.7352637022,16966734946.0,28.611192666304,8.8024023784,21.104387291982,9.303474445703,0.50964354,2.635603554237,0.99,8.114754098361,120369240640.0,13.367973150606,3.886213352102,50.912014331,8854359234.0,5098041242.0,1
01929.HK,周大福,2020-09-30,2020年中报,21681010048.0,-16.4553790311,1961303040.0,45.6348688503,7155065472.0,33.001532014234,9.2990832232,8.220071041743,3.391638516979,0.19595456,2.490436527815,0.67,4.951958610495,133491461136.0,14.825301371123,4.309874315897,56.8258244142,4960901632.0,6443390144.0,2
00116.HK,周生生,2026-06-30,2026年中报,11185265069.5,16.6965202153,1869675472.0,138.7220192185,3708711974.2,33.157121902394,16.7155222552,14.004795021032,8.616001866779,2.78370275,21.047998987438,1.0,6.578947368421,10210022400.0,3.439610344546,0.627231121014,35.9784912252,,,2
00116.HK,周生生,2025-12-31,2025年年报,20273839602.82,5.9980750875,1551245124.42,113.1953211409,6612824972.58,32.617526340004,7.6377536116,12.772069382134,7.772646884639,2.30953354,19.448457391978,1.0,6.570302233903,10223456640.0,3.444136147631,0.628056425121,41.0678464769,553992696.66,883609287.36,1
00116.HK,周生生,2025-06-30,2025年中报,10063859791.05,-2.4503780869,822337233.25,71.4357687409,3373311257.55,33.519060555175,8.1466704979,6.884478100926,4.400092380299,1.2238369,18.689016272822,1.0,6.570302233903,10223456640.0,3.444136147631,0.628056425121,35.7135338473,1071240306.5,1204208088.2,2
00116.HK,周生生,2024-12-31,2024年年报,19609848043.08,-15.3410626226,746000229.24,-20.4505865624,5545286798.88,28.278071235931,3.7474357206,6.540255813981,4.151849327607,1.10291364,17.136974645026,1.0,6.570302233903,10223456640.0,3.444136147631,0.628056425121,36.973817251,1644745200.24,1237029235.08,1
00116.HK,周生生,2024-06-30,2024年中报,10324915193.92,-12.9774062296,480060553.2,-36.4138929823,2918813614.92,28.269613455409,4.5946235502,4.309332910366,2.764448215238,0.70823968,16.586911957208,1.0,6.570302233903,10223456640.0,3.444136147631,0.628056425121,35.6143390971,1425287634.68,1276726147.68,2
00116.HK,周生生,2023-12-31,2023年年报,22667588068.58,21.6808285996,917710869.6,123.8827748129,5984225582.44,26.399922057587,3.9946006409,8.405861641699,5.357101339902,1.3547989,16.464755918965,1.0,6.570302233903,10223456640.0,3.444136147631,0.628056425121,36.4684960803,1957417075.6,993349428.12,1
00116.HK,周生生,2023-06-30,2023年中报,11985535320.44,28.8119373052,762670153.82,75.3438159758,3353230196.24,27.977308535577,6.3096769806,6.894084815406,4.410346500605,1.12573758,16.617993875292,1.0,6.570302233903,10223456640.0,3.444136147631,0.628056425121,35.9551756203,1477988336.82,1159681195.68,2
00116.HK,周生生,2022-12-31,2022年年报,18362519047.32,-6.5084214214,404049246.02,-29.6819156263,4838402314.62,26.349338574688,2.1488174358,3.670931549421,2.462333913951,0.59670436,15.812528800453,1.0,6.570302233903,10223456640.0,3.444136147631,0.628056425121,36.3555894509,29832538.19,668726933.56,1
00116.HK,周生生,2022-06-30,2022年中报,8630628791.4,-6.7735555876,403447855.16,-12.0010744224,2461676387.66,28.522561300666,4.6319581929,3.747280720584,2.62772187424,0.59521224,15.820013031106,1.0,6.570302233903,10223456640.0,3.444136147631,0.628056425121,30.3405658591,638564386.67,778887382.63,2
00116.HK,周生生,2021-12-31,2021年年报,17977028238.4,46.6077605655,525926923.2,18.1450013224,4542655096.0,25.269221562976,2.9096863367,5.193370932957,3.684679104889,0.77672,15.522948692297,1.0,6.570302233903,10223456640.0,3.444136147631,0.628056425121,29.5503815132,-592892451.2,549057644.8,1
00116.HK,周生生,2021-06-30,2021年中报,9007531433.52,69.0661482853,446079752.16,153.6212206511,2005269531.84,22.262143037078,4.9510042152,4.354466904083,3.180471915962,0.65817528,15.613105803559,1.0,6.570302233903,10223456640.0,3.444136147631,0.628056425121,25.3714976817,43550235.12,1016239273.92,2
00116.HK,周生生,2020-12-31,2020年年报,12622530407.24,-15.2445396219,458242680.96,-15.3945485313,3467495360.28,27.638969640284,3.6219317981,4.80731098635,3.293503701505,0.67667856,15.059679009695,1.0,6.570302233903,10223456640.0,3.444136147631,0.628056425121,28.5701864806,1927578634.6,1391876457.88,1
00590.HK,六福集团,2026-03-31,2025年年报,15191368423.9,28.9623083816,1806331163.45,86.0039968578,5571478955.35,36.675293494855,11.7138776659,14.500206521471,10.228030641731,3.072666,22.580054748203,1.57,6.580050293378,14008393301.0,6.847421511288,0.932999819306,32.4877544336,20519758.0,2026130087.6,1
00590.HK,六福集团,2025-09-30,2025年中报,6247872724.32,25.5981590982,565304434.28,42.5155764853,2166714264.34,34.679231795264,8.7849812315,4.615331692911,3.39376085273,0.958629,21.193190533767,2.12,8.366219415943,14877312919.0,7.272156793631,0.990872398207,27.119374015,-262176814.68,718715202.62,2
00590.HK,六福集团,2025-03-31,2024年年报,12311747264.85,-12.9497058651,1014987495.12,-37.7660335935,4076145646.98,33.107775519543,8.0041555186,8.430044607732,6.329839395858,1.7256921,20.752861442766,2.12,8.366219415943,14877312919.0,7.272156793631,0.990872398207,26.5707043744,848261644.68,1717235285.88,1
00590.HK,六福集团,2024-09-30,2024年中报,4913523654.86,-27.2159840108,391799799.51,-53.9098775687,1606676858.87,32.699076502478,7.6578092784,3.327947469676,2.559539685932,0.6673246,20.304930427553,2.12,8.366219415943,14877312919.0,7.272156793631,0.990872398207,22.9642693498,689213748.67,1694497678.02,2
00590.HK,六福集团,2024-03-31,2023年年报,13893750851.1,27.9525931378,1602150347.75,37.5594762278,3784247020.45,27.237043912806,11.4696747911,14.075214138092,11.121221474538,2.7287155,19.904705980341,2.12,8.366219415943,14877312919.0,7.272156793631,0.990872398207,23.674800333,1507513780.15,1750195402.05,1
00590.HK,六福集团,2023-09-30,2023年中报,6869406626.53,34.3223371057,865004837.13,43.3432479038,1909995457.72,27.804373238636,12.5918661037,7.641224909791,6.099745634438,1.4773843,19.461016886693,2.12,8.366219415943,14877312919.0,7.272156793631,0.990872398207,22.0819615388,380708169.66,2068236163.07,2
00590.HK,六福集团,2023-03-31,2022年年报,10485524416.04,2.0450249506,1124689125.37,-7.7283670075,2827921837.77,26.969770185686,10.7258618496,10.573941965486,8.249165496877,1.9171479,18.222837235782,2.12,8.366219415943,14877312919.0,7.272156793631,0.990872398207,18.1368718343,1174337128.11,2055157161.91,1
00590.HK,六福集团,2022-09-30,2022年中报,5040610536.96,-0.3229159047,594776023.92,0.5684346713,1317078992.28,26.129354422894,11.7993233312,5.528662167634,4.309809263064,1.0129728,18.039896808193,2.12,8.366219415943,14877312919.0,7.272156793631,0.990872398207,18.0952253053,854493205.44,2188777359.84,2
00590.HK,六福集团,2022-03-31,2021年年报,9519475611.03,32.4608876653,1129221127.64,36.8638649019,2622666035.27,27.550530537955,11.861989846,11.898685423618,9.061239396664,1.9220937,16.685497470286,2.12,8.366219415943,14877312919.0,7.272156793631,0.990872398207,25.5343545782,599286107.38,2832076927.37,1
00590.HK,六福集团,2021-09-30,2021年中报,4657837561.34,67.2133240983,544738767.06,124.5608552462,1249220954.42,26.819762131435,11.6948318611,5.730269301652,4.28430861756,0.9246966,16.314805768514,2.12,8.366219415943,14877312919.0,7.272156793631,0.990872398207,28.2000715278,376923828.42,3536462992.88,2
00590.HK,六福集团,2021-03-31,2020年年报,7489423115.3,-21.1187854906,859831195.3,17.4324581705,2224779991.7,29.705625619616,11.5009081589,9.377928197205,7.154987428916,1.4621614,16.302593066504,2.12,8.366219415943,14877312919.0,7.272156793631,0.990872398207,21.9666926198,2067230833.08,2997303247.82,1
00590.HK,六福集团,2020-09-30,2020年中报,2938242846.72,-46.9686694525,255875355.52,-41.3279790773,975119098.88,33.187151292431,8.7626384064,2.772785488133,2.136674495023,0.43936,15.912529363046,2.12,8.366219415943,14877312919.0,7.272156793631,0.990872398207,20.2533038491,1294543484.8,2318607287.68,2
06181.HK,老铺黄金,2026-06-30,2026年中报,19808373000.0,60.3366504404,4267226000.0,88.1863011862,8173741000.0,41.264070501903,21.5425365829,35.093466254345,18.975761582784,24.16,74.820200911485,24.17,5.90087890625,72394547200.0,9.262243829607,4.754839945176,44.2564292296,,,2
06181.HK,老铺黄金,2025-12-31,2025年年报,27303184000.0,221.00395506,4867936000.0,230.4538845134,10273729000.0,37.628318367557,17.8291879804,64.838947088499,35.28860357035,28.35,62.77505664957,24.17,6.200615700359,68895006100.0,8.814508410109,4.52499172517,47.793746653,-6848198000.0,1918109000.0,1
06181.HK,老铺黄金,2025-06-30,2025年中报,12354239000.0,250.9542538247,2267554000.0,285.7617741727,4705208000.0,38.085777683271,18.3544611692,39.159281050995,22.904706166133,13.38,43.344262480586,24.17,6.200615700359,68895006100.0,8.814508410109,4.52499172517,43.0975156015,-2215358000.0,2515840000.0,2
06181.HK,老铺黄金,2024-12-31,2024年年报,8505560000.0,167.507117328,1473106000.0,253.8551340133,3501220000.0,41.163897497637,17.3193299442,54.200762766571,34.680473508603,9.47,22.18073546843,24.17,6.200615700359,68895006100.0,8.814508410109,4.52499172517,38.1336165907,-1228472000.0,732650000.0,1
06181.HK,老铺黄金,2024-06-30,2024年中报,3520185000.0,148.3354638268,587812000.0,198.7547902457,1454982000.0,41.332543602112,16.6983269345,26.642119070346,19.596124060469,4.11,16.392227198018,24.17,6.200615700359,68895006100.0,8.814508410109,4.52499172517,24.5653094823,66637000.0,823901000.0,2
06181.HK,老铺黄金,2023-12-31,2023年年报,3179564000.0,145.6741512262,416302000.0,340.3960689312,1331957000.0,41.891183822688,13.0930530098,34.910240525622,24.135135236983,3.03,8.574048980308,24.17,6.200615700359,68895006100.0,8.814508410109,4.52499172517,29.7946257367,-29196000.0,69838000.0,1
06181.HK,老铺黄金,2023-06-30,2023年中报,1417512000.0,116.11709102,196754000.0,232.2200459273,590500000.0,41.657495668467,13.880235229,20.275357980317,13.940802215745,1.44,6.061008970576,24.17,6.200615700359,68895006100.0,8.814508410109,4.52499172517,30.0520080052,113575000.0,100046000.0,2
06181.HK,老铺黄金,2022-12-31,2022年年报,1294220000.0,2.3419998213,94529000.0,-16.9924481911,542138000.0,41.889168765743,7.3039359614,11.528763367586,7.684716008816,0.69,4.919921129087,24.17,6.200615700359,68895006100.0,8.814508410109,4.52499172517,32.6548235301,148498000.0,60282000.0,1
06181.HK,老铺黄金,2022-06-30,2022年中报,655900000.0,,59224000.0,,277571000.0,42.319103521878,9.0294252173,,,0.43,,24.17,6.200615700359,68895006100.0,8.814508410109,4.52499172517,,134030000.0,95902000.0,2
06181.HK,老铺黄金,2021-12-31,2021年年报,1264603000.0,41.212485986,113880000.0,29.3723374041,521001000.0,41.198779379774,9.0051976786,16.003327702845,10.857393739265,0.83,4.358336468744,24.17,6.200615700359,68895006100.0,8.814508410109,4.52499172517,34.1033559458,102246000.0,25190000.0,1
06181.HK,老铺黄金,2020-12-31,2020年年报,895532000.0,,88025000.0,,386079000.0,43.111692267836,9.8293528316,13.482321731619,9.477578434297,0.64,3.693987648838,24.17,6.200615700359,68895006100.0,8.814508410109,4.52499172517,29.7036621514,28120000.0,9719000.0,1
09992.HK,泡泡玛特,2026-06-30,2026年中报,17172921000.0,23.7574187772,5038384000.0,10.1438275189,11965740000.0,69.677954030069,29.6997231863,22.226485135384,15.962061470796,3.8,17.314449683594,2.7248,1.716950220542,211353359516.1,14.156771618863,7.960916316654,24.9440088828,,,2
09992.HK,泡泡玛特,2025-12-31,2025年年报,37120052000.0,184.7121232354,12775689000.0,308.7601780594,26764916000.0,72.10365976858,35.0539433512,77.519468320973,54.397010680357,9.61,16.727799135034,2.7248,1.772804163956,204694463501.1,14.471558702115,7.71009979754,29.4348549909,10865152000.0,13775087000.0,1
09992.HK,泡泡玛特,2025-06-30,2025年中报,13876276000.0,204.4491118692,4574368000.0,396.4945356348,9761064000.0,70.343541739873,33.738972906,36.789861098885,25.253670907376,3.44,10.650445635469,2.7248,1.772804163956,204694463501.1,14.471558702115,7.71009979754,32.4353098157,5977473000.0,11922694000.0,2
09992.HK,泡泡玛特,2024-12-31,2024年年报,13037749000.0,106.9154874098,3125473000.0,188.7689126562,8707765000.0,66.788868231778,25.3751241875,33.874164979176,25.165310059146,2.36,8.021979150849,2.7248,1.661463414634,218411789292.0,15.441350859771,8.855204369938,26.8046595339,4954220000.0,6109017000.0,1
09992.HK,泡泡玛特,2024-06-30,2024年中报,4557831000.0,61.9806511594,921333000.0,93.3238210145,2919105000.0,64.045924475919,21.1535267543,11.396315273899,8.780310546736,0.6949,6.306627991397,2.7248,1.661463414634,218411789292.0,15.441350859771,8.855204369938,23.2795723958,1905271000.0,3608674000.0,2
09992.HK,泡泡玛特,2023-12-31,2023年年报,6301002000.0,36.4643676727,1082344000.0,127.5457259387,3864071000.0,61.32470676886,17.2793311286,14.692570494627,11.670153391639,0.81,5.834245633583,2.7248,1.661463414634,218411789292.0,15.441350859771,8.855204369938,21.9531655716,1990596000.0,2077927000.0,1
09992.HK,泡泡玛特,2023-06-30,2023年中报,2813812000.0,19.2890676602,476575000.0,43.1930172466,1698360000.0,60.357977007703,16.9606924699,6.680943270826,5.401691398421,0.3546,5.483949579291,2.7248,1.661463414634,218411789292.0,15.441350859771,8.855204369938,19.4075410545,1092337000.0,1473382000.0,2
09992.HK,泡泡玛特,2022-12-31,2022年年报,4617324000.0,2.8208159574,475660000.0,-44.3242085402,2654543000.0,57.490940640076,10.3046916352,6.902892071746,5.627884281821,0.35,5.228560398236,2.7248,1.661463414634,218411789292.0,15.441350859771,8.855204369938,18.819642562,891022000.0,685314000.0,1
09992.HK,泡泡玛特,2022-06-30,2022年中报,2358818000.0,33.0728086848,332820000.0,-7.2258057323,1370407000.0,58.097191050772,14.114908399,4.778350548767,3.935554438762,0.2418,5.340335683257,2.7248,1.661463414634,218411789292.0,15.441350859771,8.855204369938,17.1794254491,373578000.0,1075380000.0,2
09992.HK,泡泡玛特,2021-12-31,2021年年报,4490651000.0,78.6633305099,854339000.0,63.1959580138,2758624000.0,61.430380584018,19.0299134803,13.196915309731,11.171535656435,0.62,5.119603898785,2.7248,1.661463414634,218411789292.0,15.441350859771,8.855204369938,18.0644829549,779097000.0,5264710000.0,1
09992.HK,泡泡玛特,2021-06-30,2021年中报,1772577000.0,116.7518351266,358742000.0,153.7825945472,1117065000.0,63.019265171555,20.2416030446,5.766428015612,4.910143062518,0.2604,4.740320306684,2.7248,1.661463414634,218411789292.0,15.441350859771,8.855204369938,17.3578036546,441657000.0,1503622000.0,2
09992.HK,泡泡玛特,2020-12-31,2020年年报,2513471000.0,49.3061801057,523505000.0,16.0461342709,1594108000.0,63.422573803318,20.8202919389,15.575511127012,13.026109199306,0.44,4.602395041305,2.7248,1.661463414634,218411789292.0,15.441350859771,8.855204369938,12.053664604,703358000.0,5680235000.0,1
09896.HK,名创优品,2026-06-30,2026年中报,11498901000.0,22.4184381066,961551000.0,6.1279427834,5093676000.0,44.297068041546,8.3189776136,9.188191998278,3.260816430198,0.79,8.493435713001,1.303016,6.13472693032,25786240376.76,17.811457827271,2.172030568473,65.6540265693,1475401000.0,7046857000.0,2
09896.HK,名创优品,2026-03-31,2026年一季报,5688388000.0,28.4917882,1250737000.0,200.4109602202,2464031000.0,43.31685883593,21.941224825,11.586215470091,4.284906946579,1.03,9.037025884937,1.303016,6.13472693032,25786240376.76,17.811457827271,2.172030568473,62.7652251277,,,3
09896.HK,名创优品,2025-12-31,2025年年报,21443827000.0,26.1845089671,1205045000.0,-53.9630419169,9648119000.0,44.992523955729,5.6417821315,11.512946780596,5.154870261466,0.98,8.746623114678,1.303016,6.13472693032,25786240376.76,17.811457827271,2.172030568473,62.5639102308,2577891000.0,6817129000.0,1
09896.HK,名创优品,2025-09-30,2025年三季报,15189757000.0,23.6817947908,1346569000.0,-25.6805825152,6746990000.0,44.41802459381,8.8822224082,12.788769556899,5.755928767694,1.1,8.849486159513,1.303016,6.13472693032,25786240376.76,17.811457827271,2.172030568473,62.2312903036,,,4
09896.HK,名创优品,2025-06-30,2025年中报,9393112000.0,21.0648683685,906030000.0,-22.5682889184,4156918000.0,44.254960443355,9.645259207,8.560745810913,4.047675571943,0.74,8.938827425488,1.303016,6.13472693032,25786240376.76,17.811457827271,2.172030568473,59.1000986648,1014223000.0,7115183000.0,2
09896.HK,名创优品,2025-03-31,2025年一季报,4427044000.0,18.8937060011,416342000.0,-28.5215426664,1958037000.0,44.228993432186,9.4071574622,3.974999270814,1.87937655501,0.34,8.758395365132,1.303016,6.13472693032,25786240376.76,17.811457827271,2.172030568473,59.2211215138,,,3
09896.HK,名创优品,2024-12-31,2024年年报,16994025000.0,22.7998719831,2617560000.0,16.1686654912,7637060000.0,44.939677327767,15.5079682418,26.86996145237,16.583712519333,2.11,8.496393602127,1.303016,6.13472693032,25786240376.76,17.811457827271,2.172030568473,42.8507237918,2168334000.0,6328121000.0,1
09896.HK,名创优品,2024-09-30,2024年三季报,12281320000.0,22.8441075775,1811867000.0,12.0215626424,5419762000.0,44.130126077653,14.8656659056,19.385446922987,12.249572256063,1.46,7.845587980415,1.303016,6.13472693032,25786240376.76,17.811457827271,2.172030568473,40.718509321,,,4
09896.HK,名创优品,2024-06-30,2024年中报,7758743000.0,47.3119939364,1170102000.0,53.1366723815,3389786000.0,43.689886364325,15.1748678877,12.405023702662,8.025196921679,0.94,7.987186111304,1.303016,6.13472693032,25786240376.76,17.811457827271,2.172030568473,38.1099347597,1293756000.0,6226732000.0,2
09896.HK,名创优品,2023-09-30,2024年一季报,3723531000.0,36.7441145791,582472000.0,48.8193395103,1616458000.0,41.773507486111,16.3083588796,6.896222928466,4.521991496302,0.47,7.081958368952,1.303016,6.13472693032,25786240376.76,17.811457827271,2.172030568473,36.8402990852,,,3
09896.HK,名创优品,2023-06-30,2023年年报,13838797000.0,13.757756194,2253241000.0,177.1872698497,5698431000.0,38.725454990444,15.5303468742,22.205034602829,14.30620051735,1.81,7.331722493768,1.303016,6.13472693032,25786240376.76,17.811457827271,2.172030568473,33.6818981785,1666030000.0,6489213000.0,1
09896.HK,名创优品,2023-03-31,2023年三季报,9997484000.0,5.8327281753,1617427000.0,183.7529105792,4041090000.0,38.284819923937,15.0204852776,16.065559141155,10.313930703542,1.3,6.816550626683,1.303016,6.13472693032,25786240376.76,17.811457827271,2.172030568473,34.0510659673,,,4
00178.HK,莎莎国际,2026-03-31,2025年年报,3869616670.0,14.158301978,177022645.5,160.4679562964,1478603080.15,38.210582759093,4.5746816958,16.432246182898,8.472216294427,0.05739175,0.364897854087,0.0455,4.690721649485,3010093774.26,15.013685342212,2.347126710686,46.7141856982,568529739.1,390323940.6,1
00178.HK,莎莎国际,2025-09-30,2025年中报,1817341468.8,6.6245002378,45792337.86,54.7673413972,689293509.14,37.928673338156,2.5197431878,4.322528520182,2.15763786468,0.01460768,0.342157422462,0.0455,4.690721649485,3010093774.26,15.013685342212,2.347126710686,49.9388754109,131192487.06,224520041.6,2
00178.HK,莎莎国际,2025-03-31,2024年年报,3542795125.65,-9.7491102453,71032993.59,-64.833723953,1399010280.0,39.847791716476,1.9527848869,6.388246151599,3.187126118861,0.02307075,0.344290926207,0.0455,4.690721649485,3010093774.26,15.013685342212,2.347126710686,50.2287278382,467299886.91,277862267.34,1
00178.HK,莎莎国际,2024-09-30,2024年中报,1683540929.52,-10.4406055674,29225210.32,-68.3583605085,653590338.3,39.388079308821,1.6874394377,2.702912336333,1.337137182196,0.0090179,0.333004641004,0.0455,4.690721649485,3010093774.26,15.013685342212,2.347126710686,51.0971713255,215330317.99,304717546.37,2
00178.HK,莎莎国际,2024-03-31,2023年年报,3959353498.8,24.7668849673,198428383.65,275.7841605576,1616700475.25,40.832435793874,5.011635958,19.089160892525,9.279726631683,0.06436505,0.365778918211,0.0455,4.690721649485,3010093774.26,15.013685342212,2.347126710686,49.9988019734,530494022.45,414979608.35,1
00178.HK,莎莎国际,2023-09-30,2023年中报,1967797889.05,38.3066547221,93985499.86,176.9032083674,807951191.88,41.058647149482,4.7761764754,9.412060931842,4.375845394942,0.03028179,0.335690136693,0.0455,4.690721649485,3010093774.26,15.013685342212,2.347126710686,54.0009651864,90783888.79,180042676.52,2
00178.HK,莎莎国际,2023-03-31,2022年年报,3064394590.25,2.5726640308,50990006.27,116.9454691446,1226764557.6,40.032852215025,1.6639504074,5.755379333616,2.709068288316,0.01663279,0.293717245288,0.0455,4.690721649485,3010093774.26,15.013685342212,2.347126710686,52.9585551525,430020651.02,265473334.96,1
00178.HK,莎莎国际,2022-09-30,2022年中报,1402327888.92,-2.9263714647,-120456032.52,26.6617474573,518519069.76,36.975594214227,-8.5897195279,-14.654368043238,-6.453562098993,-0.03889092,0.243291455884,0.0455,4.690721649485,3010093774.26,15.013685342212,2.347126710686,59.0930719988,138973537.08,183793061.28,2
00178.HK,莎莎国际,2022-03-31,2021年年报,2767755724.27,12.1490133679,-278770089.32,2.1732200997,1022315411.46,36.93661989371,-10.0720626057,-29.721091320511,-14.952329477424,-0.09002211,0.25688029296,0.0455,4.690721649485,3010093774.26,15.013685342212,2.347126710686,52.8993115372,101356785.76,240446622.78,1
00178.HK,莎莎国际,2021-09-30,2021年中报,1330591756.04,24.1893497381,-151284529.06,24.9585745513,488604685.08,36.720856180121,-11.3697178998,-14.652036226476,-7.632874221559,-0.04915054,0.308373647942,0.0455,4.690721649485,3010093774.26,15.013685342212,2.347126710686,48.889770853,-13827129.88,228632483.94,2
00178.HK,莎莎国际,2021-03-31,2020年年报,2571907250.22,-46.7749103901,-296969206.24,31.8969794703,888986524.58,34.565263755291,-11.5466530224,-23.467909853379,-12.162125443639,-0.09550534,0.362275741122,0.0455,4.690721649485,3010093774.26,15.013685342212,2.347126710686,47.0248701452,463232170.66,427147210.56,1
00178.HK,莎莎国际,2020-09-30,2020年中报,1130146396.16,-62.1132459648,-212651118.72,-562.4719408705,368109867.52,32.571874650113,-18.8162453504,-15.63109476958,-7.985384826314,-0.06854016,0.405521086608,0.0455,4.690721649485,3010093774.26,15.013685342212,2.347126710686,48.7423543556,260313770.24,502974055.68,2
02020.HK,安踏体育,2026-06-30,2026年中报,43507000000.0,12.8761934413,9487000000.0,34.9310197696,27792000000.0,63.879375732641,25.0971108098,13.803790331381,7.492467649393,3.42,25.628132024803,2.45,3.165374677003,216460965420.0,11.856389716222,2.623124070648,38.3873869682,13081000000.0,16994000000.0,2
02020.HK,安踏体育,2025-12-31,2025年年报,80219000000.0,13.2620788976,13588000000.0,-12.8750961785,49734000000.0,61.997781074309,19.5240529052,21.312671063673,11.471022751256,4.89,23.521685723432,2.45,3.407510431154,201079372270.0,11.013881403054,2.436726365369,41.7474556499,20996000000.0,12181000000.0,1
02020.HK,安踏体育,2025-06-30,2025年中报,38544000000.0,14.2552245442,7031000000.0,-8.9366662349,24425000000.0,63.369136571191,21.0434827729,11.204959441585,6.091401342863,2.53,22.801896824322,2.45,3.407510431154,201079372270.0,11.013881403054,2.436726365369,41.0267687233,10931000000.0,9656000000.0,2
02020.HK,安踏体育,2024-12-31,2024年年报,70826000000.0,13.5832959138,15596000000.0,52.3642047675,44032000000.0,62.169259876317,23.9869539435,27.557448161924,15.227271617776,5.55,22.072453528652,2.45,3.407510431154,201079372270.0,11.013881403054,2.436726365369,40.7370243751,16741000000.0,11390000000.0,1
02020.HK,安踏体育,2024-06-30,2024年中报,33735000000.0,13.7965930174,7721000000.0,62.6158382477,21618000000.0,64.081814139618,24.9562768638,14.197451409448,8.152856826077,2.75,20.49092034397,2.45,3.407510431154,201079372270.0,11.013881403054,2.436726365369,36.5802959518,8502000000.0,9105000000.0,2
02020.HK,安踏体育,2023-12-31,2023年年报,62356000000.0,16.2252334532,10236000000.0,34.8616600791,39028000000.0,62.589005067676,18.0848675348,23.843466107617,12.682207616015,3.69,18.400564703533,2.45,3.407510431154,201079372270.0,11.013881403054,2.436726365369,39.270069827,19634000000.0,15228000000.0,1
02020.HK,安踏体育,2023-06-30,2023年中报,29645000000.0,14.1729250915,4748000000.0,32.3299888517,18755000000.0,63.265306122449,17.8579861697,11.427058639487,6.211367010943,1.74,17.414028403163,2.45,3.407510431154,201079372270.0,11.013881403054,2.436726365369,36.8998398776,10164000000.0,25829000000.0,2
02020.HK,安踏体育,2022-12-31,2022年年报,53651000000.0,8.7637852741,7590000000.0,-1.6839378238,32318000000.0,60.237460625151,15.3678403012,23.972332327906,11.511948006643,2.82,12.300416358367,2.45,3.407510431154,201079372270.0,11.013881403054,2.436726365369,45.3154129634,12147000000.0,17378000000.0,1
02020.HK,安踏体育,2022-06-30,2022年中报,25965000000.0,13.8216728038,3588000000.0,-6.5625,16109000000.0,62.041209320239,15.2127864433,11.84647131655,5.649904338994,1.33,11.317813330669,2.45,3.407510431154,201079372270.0,11.013881403054,2.436726365369,45.8495873677,4979000000.0,14904000000.0,2
02020.HK,安踏体育,2021-12-31,2021年年报,49328000000.0,38.9051588196,7720000000.0,49.554436265,30404000000.0,61.636393123581,16.6619364256,29.167296357866,13.480595451172,2.87,10.342004137588,2.45,3.407510431154,201079372270.0,11.013881403054,2.436726365369,49.47501117,11861000000.0,17592000000.0,1
02020.HK,安踏体育,2021-06-30,2021年中报,22812000000.0,55.5116231509,3840000000.0,131.6043425814,14408000000.0,63.159740487463,18.1132737156,15.099384621434,7.241184235338,1.43,9.6007610239,2.45,3.407510431154,201079372270.0,11.013881403054,2.436726365369,46.4875537431,6313000000.0,16245000000.0,2
02020.HK,安踏体育,2020-12-31,2020年年报,35512000000.0,4.6687102099,5162000000.0,-3.4056886228,20651000000.0,58.152173913044,15.6820229781,23.41308538383,11.090891326185,1.92,8.586334244577,2.45,3.407510431154,201079372270.0,11.013881403054,2.436726365369,50.2111168951,7458000000.0,15323000000.0,1
02331.HK,李宁,2026-06-30,2026年中报,15235250000.0,2.8244158323,1816185000.0,4.5333258126,7750727000.0,50.873645000903,11.9209399255,6.453401804438,4.769740340881,0.704,11.08730908242,0.6366,4.663736263736,35282707728.45,10.267975222661,1.06930432009,25.4465764697,,,2
02331.HK,李宁,2025-12-31,2025年年报,29598417000.0,3.2179714331,2935743000.0,-2.5614703089,14488837000.0,48.951391555839,9.9185811187,10.927519413864,7.996851318261,1.1391,10.68839059214,0.6366,4.402489626556,37376406868.38,11.499343849805,1.13275754348,26.7448429786,4851532000.0,16716551000.0,1
02331.HK,李宁,2025-06-30,2025年中报,14816763000.0,3.2866192718,1737422000.0,-10.9941845216,7414803000.0,50.043339425757,11.7260564943,6.522786985572,4.79362920564,0.6743,10.510889989063,0.6366,4.402489626556,37376406868.38,11.499343849805,1.13275754348,26.1326634183,2411101000.0,11798043000.0,2
02331.HK,李宁,2024-12-31,2024年年报,28675643000.0,3.9029380266,3012918000.0,-5.4595831071,14156103000.0,49.366296686006,10.5068890696,11.929908198976,8.618653794573,1.1698,10.098866492684,0.6366,4.402489626556,37376406868.38,11.499343849805,1.13275754348,26.8976358116,5267935000.0,7498596000.0,1
02331.HK,李宁,2024-06-30,2024年中报,14345288000.0,2.3278567213,1952032000.0,-7.9764532953,7235602000.0,50.43887581762,13.6074786369,7.759640181207,5.597709427323,0.758,10.022306237706,0.6366,4.402489626556,37376406868.38,11.499343849805,1.13275754348,27.1001703533,2730305000.0,6146726000.0,2
02331.HK,李宁,2023-12-31,2023年年报,27598491000.0,6.9568707328,3186910000.0,-21.5787357456,13352055000.0,48.379655974669,11.5475951203,13.078239318882,9.393388382836,1.2321,9.44232092996,0.6366,4.402489626556,37376406868.38,11.499343849805,1.13275754348,28.6518312795,4687936000.0,5443883000.0,1
02331.HK,李宁,2023-06-30,2023年中报,14018947000.0,12.9770769055,2121231000.0,-3.1095213647,6838764000.0,48.782294419117,15.1315430467,8.537046596513,6.245409932212,0.8063,9.813201036462,0.6366,4.402489626556,37376406868.38,11.499343849805,1.13275754348,26.0115105665,1942431000.0,6410689000.0,2
02331.HK,李宁,2022-12-31,2022年年报,25803383000.0,14.3144682631,4063834000.0,1.3202336345,12484793000.0,48.384326194747,15.7489853172,17.890146141699,12.715109908139,1.5538,9.412449918979,0.6366,4.402489626556,37376406868.38,11.499343849805,1.13275754348,27.6836691487,3913604000.0,7382218000.0,1
02331.HK,李宁,2022-06-30,2022年中报,12408665000.0,21.6943341025,2189308000.0,11.5728436574,6200775000.0,49.971330517828,17.6433806538,10.119416583307,7.139109672504,0.8377,8.576209784659,0.6366,4.402489626556,37376406868.38,11.499343849805,1.13275754348,28.6158928657,1583232000.0,10575005000.0,2
02331.HK,李宁,2021-12-31,2021年年报,22572281000.0,56.1342344811,4010881000.0,136.1447620348,11969098000.0,53.025646809908,17.7690858979,26.929138780121,17.878310262787,1.601,8.163662072561,0.6366,4.402489626556,37376406868.38,11.499343849805,1.13275754348,30.2915433078,6525335000.0,14744899000.0,1
02331.HK,李宁,2021-06-30,2021年中报,10196584000.0,64.9683098107,1962223000.0,187.1807818567,5699064000.0,55.891894775741,19.2439252204,20.632262825997,12.169039886907,0.7904,3.997988631872,0.6366,4.402489626556,37376406868.38,11.499343849805,1.13275754348,41.4540967678,3324543000.0,6108102000.0,2
02331.HK,李宁,2020-12-31,2020年年报,14456971000.0,4.2347272422,1698484000.0,13.2972993165,7094344000.0,49.072132744819,11.7485467737,21.488234622104,12.515845294147,0.6921,3.360730725731,0.6366,4.402489626556,37376406868.38,11.499343849805,1.13275754348,40.4584255096,2763336000.0,7187039000.0,1
01368.HK,特步国际,2026-06-30,2026年中报,6794917000.0,-0.6248499117,817888000.0,-10.4732214789,3154579000.0,46.425570761203,12.0221041699,7.740135086692,4.726444010075,0.3002,3.883050942204,0.275,7.275132275132,10641066603.3,7.296241854462,0.845499852788,38.253006963,847290000.0,3449044000.0,2
01368.HK,特步国际,2025-12-31,2025年年报,14151086000.0,4.2266672814,1371571000.0,10.7532933571,6063042000.0,42.845065035998,9.6923373938,14.510070329733,8.346184615836,0.5135,3.62421723101,0.275,7.255936675462,10669217573.15,7.31554408159,0.847736624885,39.626026015,952413000.0,3457110000.0,1
01368.HK,特步国际,2025-06-30,2025年中报,6837642000.0,7.14477446,913568000.0,21.4746065832,3073736000.0,44.953157828386,13.3608632918,9.834655521482,5.513064235362,0.3455,3.508219451274,0.275,7.703081232493,10049896236.45,6.89089508477,0.798527638744,42.4938933107,773769000.0,3217448000.0,2
01368.HK,特步国际,2024-12-31,2024年年报,13577222000.0,6.5475569681,1238402000.0,20.2321533113,5865404000.0,43.200324779252,9.1211736834,14.100683775028,7.439276939973,0.4867,3.09139189391,0.275,7.255936675462,10669217573.15,7.31554408159,0.847736624885,45.5004345527,1228079000.0,2979194000.0,1
01368.HK,特步国际,2024-06-30,2024年中报,6381685000.0,10.4366052137,752065000.0,13.0216090061,2875549000.0,46.011804822274,10.4407677855,8.217605232938,4.315087665163,0.2966,3.353768999898,0.275,7.703081232493,10049896236.45,6.89089508477,0.798527638744,46.1488144729,826401000.0,3660078000.0,2
01368.HK,特步国际,2023-12-31,2023年年报,12742875000.0,10.9441675557,1030009000.0,11.7517310517,5331196000.0,42.171214849973,7.2012019372,12.042154420809,6.091306046512,0.4076,3.148227591171,0.275,7.255936675462,10669217573.15,7.31554408159,0.847736624885,48.4961389215,1254932000.0,3294627000.0,1
01368.HK,特步国际,2023-06-30,2023年中报,6522437000.0,14.7593066342,665417000.0,12.700023034,2797143000.0,42.884937025839,10.290586172,7.841112528108,4.018622645332,0.2636,3.100553212379,0.275,7.703081232493,10049896236.45,6.89089508477,0.798527638744,47.0769113417,265253000.0,3730800000.0,2
01368.HK,特步国际,2022-12-31,2022年年报,12930385000.0,29.1328909657,921694000.0,1.4702660571,5291709000.0,40.924605106499,7.0552964974,11.397619814749,5.925575330853,0.3661,2.9285516783,0.275,7.255936675462,10669217573.15,7.31554408159,0.847736624885,49.636563263,571832000.0,3414156000.0,1
01368.HK,特步国际,2022-06-30,2022年中报,5683580000.0,37.4542672014,590432000.0,38.423919032,2386824000.0,41.995080565418,10.3642950394,7.286355915,3.882551297665,0.2347,2.940296566727,0.275,7.703081232493,10049896236.45,6.89089508477,0.798527638744,47.2750042661,-268453000.0,3303577000.0,2
01368.HK,特步国际,2021-12-31,2021年年报,10013239000.0,22.5322240555,908339000.0,77.0537785315,4177918000.0,41.723941673618,8.8821109733,11.989198173808,6.682111443314,0.3635,2.816702245873,0.275,7.255936675462,10669217573.15,7.31554408159,0.847736624885,45.3837283387,701347000.0,3929792000.0,1
01368.HK,特步国际,2021-06-30,2021年中报,4134888000.0,12.3897646709,426539000.0,72.0463373413,1729385000.0,41.824228370877,10.1980996825,5.764936442826,3.386621764618,0.1709,2.690623818774,0.275,7.703081232493,10049896236.45,6.89089508477,0.798527638744,39.4146880842,684393000.0,3757754000.0,2
01368.HK,特步国际,2020-12-31,2020年年报,8171923000.0,-0.1319609944,513030000.0,-29.4951432828,3198425000.0,39.139196490226,6.1799652297,7.269902443756,4.121671041435,0.2083,2.56592687161,0.275,7.255936675462,10669217573.15,7.31554408159,0.847736624885,41.9431629274,320107000.0,3471951000.0,1
01361.HK,361度,2026-06-30,2026年中报,6159781000.0,7.9748388646,925938000.0,7.9571873288,2572889000.0,41.769163546561,15.1915790513,8.641698605061,6.166850174934,0.4441,5.236670784737,0.539,11.807228915663,9895468330.0,6.284021607186,0.757147224446,24.2331599841,611538000.0,5180505000.0,2
01361.HK,361度,2025-12-31,2025年年报,11145829000.0,10.644939053,1308884000.0,13.9532393361,4628536000.0,41.52706810772,11.9982102722,13.456649248237,9.408007088904,0.633,4.649252058189,0.539,11.807228915663,9895468330.0,6.284021607186,0.757147224446,26.7921127678,814615000.0,4093846000.0,1
01361.HK,361度,2025-06-30,2025年中报,5704830000.0,10.9611917957,857690000.0,8.6091859851,2366450000.0,41.481516539494,15.2922348256,8.831238339492,6.228111358942,0.4148,4.635717323851,0.539,11.807228915663,9895468330.0,6.284021607186,0.757147224446,25.5618750304,523764000.0,4602802000.0,2
01361.HK,361度,2024-12-31,2024年年报,10073510000.0,19.5916258996,1148615000.0,19.4698089403,4183292000.0,41.527650243063,11.8388525946,12.445978241277,8.675732383965,0.556,4.325008003942,0.539,11.395348837209,10253135860.0,6.51115491829,0.784513991594,26.7224073087,69807000.0,4254236000.0,1
01361.HK,361度,2024-06-30,2024年中报,5141284000.0,19.2451947954,789703000.0,12.2301555043,2124997000.0,41.332029119574,15.9825638887,8.57767167878,5.966736458404,0.3819,4.304425187827,0.539,11.395348837209,10253135860.0,6.51115491829,0.784513991594,27.0973996735,160093000.0,3410468000.0,2
01361.HK,361度,2023-12-31,2023年年报,8423257000.0,21.0094462927,961427000.0,28.6849315435,3462155000.0,41.102331319109,12.3483707074,11.293701588821,7.540264757503,0.465,4.189898241532,0.539,11.395348837209,10253135860.0,6.51115491829,0.784513991594,25.5799161899,407808000.0,3596489000.0,1
01361.HK,361度,2023-06-30,2023年中报,4311523000.0,18.0024883982,703646000.0,27.723383323,1796490000.0,41.667178859999,17.7720262654,8.374508382381,5.55500819618,0.3403,4.087750417266,0.539,11.395348837209,10253135860.0,6.51115491829,0.784513991594,25.6903725464,2235000.0,3550357000.0,2
01361.HK,361度,2022-12-31,2022年年报,6960826000.0,17.3143526853,747117000.0,24.1676915406,2820648000.0,40.52174267824,11.7339522637,9.921678161019,6.311740241345,0.361,3.664527361486,0.539,11.395348837209,10253135860.0,6.51115491829,0.784513991594,24.2702074486,380337000.0,3860442000.0,1
01361.HK,361度,2022-06-30,2022年中报,3653756000.0,17.5934284893,550914000.0,37.2361652571,1515644000.0,41.481806666893,16.5379680526,7.436748075998,4.695658088409,0.2665,3.551824944803,0.539,11.395348837209,10253135860.0,6.51115491829,0.784513991594,24.8256622316,23444000.0,3423532000.0,2
01361.HK,361度,2021-12-31,2021年年报,5933482000.0,15.7310436325,601700000.0,44.9652464072,2472420000.0,41.668955935149,12.508759612,8.767508606861,5.264321061816,0.291,3.283122247636,0.539,11.395348837209,10253135860.0,6.51115491829,0.784513991594,23.868556163,371952000.0,3339010000.0,1
01361.HK,361度,2021-06-30,2021年中报,3107109000.0,15.6724963758,401435000.0,32.9404634959,1299696000.0,41.829752351784,15.1092221097,5.953859682402,3.625868633244,0.1942,3.172030307028,0.539,11.395348837209,10253135860.0,6.51115491829,0.784513991594,21.6601322844,-19909000.0,2966110000.0,2
01361.HK,361度,2020-12-31,2020年年报,5126958000.0,-8.965199101,415065000.0,-4.0096854092,1941733000.0,37.873003835803,9.6610504709,6.419481606735,3.531158400995,0.201,3.048838805692,0.539,11.395348837209,10253135860.0,6.51115491829,0.784513991594,34.8969527504,22838000.0,3451331000.0,1
03998.HK,波司登,2026-03-31,2025年年报,27349980000.0,5.5913946695,3994378000.0,13.673218432,15650753000.0,57.224001626327,14.797323435,22.704910114487,14.042021289508,0.3457,1.558105491302,0.313,7.089467723669,51758338029.88,11.44108658807,2.501900077859,37.5026701077,6432335000.0,2976970000.0,1
03998.HK,波司登,2025-09-30,2025年中报,8927638000.0,1.4028646562,1189365000.0,5.28167705,4466703000.0,50.032304177208,13.4549138305,7.222107659327,4.268045447876,0.1035,1.366319529409,0.313,7.017937219731,52285886209.12,11.557700154653,2.527400758154,42.9909364578,-1083701000.0,3034004000.0,2
03998.HK,波司登,2025-03-31,2024年年报,25901713000.0,11.5778244995,3513913000.0,14.3080903765,14839856000.0,57.292952014409,13.7162472613,22.925952429233,13.216540454795,0.3158,1.443196905915,0.313,7.017937219731,52285886209.12,11.557700154653,2.527400758154,37.8534058162,3981840000.0,4184838000.0,1
03998.HK,波司登,2024-09-30,2024年中报,8804128000.0,17.8335484795,1129698000.0,22.9754516746,4391320000.0,49.877966335792,12.9720740089,8.37202849711,4.288911246544,0.1035,1.130399295206,0.313,6.731182795699,54513311854.8,12.050068546892,2.635070297179,50.3936936768,-3483104000.0,1962725000.0,2
03998.HK,波司登,2024-03-31,2023年年报,23214033000.0,38.3911323448,3074072000.0,43.7440088582,13833540000.0,59.591282566024,13.440732164,23.392496929616,13.161276296221,0.2834,1.171636343984,0.313,7.017937219731,52285886209.12,11.557700154653,2.527400758154,46.3762559803,7338782000.0,6227015000.0,1
03998.HK,波司登,2023-09-30,2023年中报,7471665000.0,20.8916319403,918637000.0,25.1061575462,3733477000.0,49.96847422897,12.2621263132,7.457479426393,4.126412260045,0.0847,1.031241915731,0.313,6.731182795699,54513311854.8,12.050068546892,2.635070297179,48.5526151079,-585541000.0,2807826000.0,2
03998.HK,波司登,2023-03-31,2022年年报,16774220000.0,3.4576634639,2138574000.0,3.6973354804,9975876000.0,59.471474679598,12.8553399204,17.288241726608,10.129085122104,0.1975,1.070271905427,0.313,6.731182795699,54513311854.8,12.050068546892,2.635070297179,39.8149301207,3050659000.0,3718211000.0,1
03998.HK,波司登,2022-09-30,2022年中报,6180465000.0,14.0943345164,734286000.0,15.0064058991,3089113000.0,49.981886476179,11.7228881646,6.190584525663,3.323456915513,0.0679,0.983475216894,0.313,6.731182795699,54513311854.8,12.050068546892,2.635070297179,49.5591976553,-1665336000.0,1766901000.0,2
03998.HK,波司登,2022-03-31,2021年年报,16213608000.0,19.9540739538,2062323000.0,20.6343013373,9737179000.0,60.055596508809,12.6978029813,17.73109587964,10.250126540906,0.1914,1.040074928873,0.313,6.731182795699,54513311854.8,12.050068546892,2.635070297179,42.5549560988,2670065000.0,2502563000.0,1
03998.HK,波司登,2021-09-30,2021年中报,5416978000.0,15.6275235373,638474000.0,31.364871788,2748222000.0,50.482611387666,11.6361658793,5.747329284654,3.137251703257,0.0595,0.951012409374,0.313,6.731182795699,54513311854.8,12.050068546892,2.635070297179,47.9542913596,-1223802000.0,1895404000.0,2
03998.HK,波司登,2021-03-31,2020年年报,13516513000.0,10.8771108077,1709566000.0,42.0868296121,7924266000.0,58.626555532481,12.6139485827,16.065366366661,9.410026242199,0.1598,0.944198368228,0.313,6.731182795699,54513311854.8,12.050068546892,2.635070297179,40.6489241852,3133088000.0,1771330000.0,1
03998.HK,波司登,2020-09-30,2020年中报,4661116000.0,5.0680490852,486031000.0,41.8389442719,2227342000.0,47.78559469449,10.5415741638,4.764234214616,2.706231700519,0.0454,0.869193332561,0.313,6.731182795699,54513311854.8,12.050068546892,2.635070297179,44.080997204,-689484000.0,1717606000.0,2
01044.HK,恒安国际,2026-06-30,2026年中报,11091415000.0,-6.0704854037,1254042000.0,-8.6570412574,3913599000.0,35.284938846847,11.3849495308,5.742697310456,2.74840198872,1.104,18.975495619803,1.55872,7.014941494149,25671230775.74,9.351783936694,1.01705807251,53.9559696574,617979000.0,6873244000.0,2
01044.HK,恒安国际,2025-12-31,2025年年报,23068869000.0,1.762981206,2535047000.0,10.2896845164,7805874000.0,33.837263543349,10.9808894402,11.881413134549,6.109576782882,2.227,18.827264944256,1.55872,6.543744752309,27519744242.94,9.805097655037,1.090293577281,49.1153095095,3241140000.0,5739442000.0,1
01044.HK,恒安国际,2025-06-30,2025年中报,11808232000.0,-0.233704377,1372894000.0,-2.5619733824,3811529000.0,32.2785748112,11.5915913576,6.486529289827,3.34948974952,1.206,18.531361014041,1.55872,6.543744752309,27519744242.94,9.805097655037,1.090293577281,48.693862377,1624829000.0,7177715000.0,2
01044.HK,恒安国际,2024-12-31,2024年年报,22669215000.0,-4.6227026192,2298535000.0,-17.9250878315,7324940000.0,32.31227900922,10.130937485,11.126396798977,5.744878875254,2.015,18.108345215739,1.55872,6.543744752309,27519744242.94,9.805097655037,1.090293577281,46.8762871532,3072380000.0,7445915000.0,1
01044.HK,恒安国际,2024-06-30,2024年中报,11835893000.0,-3.0210891708,1408992000.0,14.9476899381,3936242000.0,33.256823122683,11.8560297901,6.832454439842,3.252295584935,1.234,18.045423304666,1.55872,6.543744752309,27519744242.94,9.805097655037,1.090293577281,54.6226027781,1558348000.0,8180200000.0,2
01044.HK,恒安国际,2023-12-31,2023年年报,23767936000.0,5.0940228807,2800533000.0,45.4634179787,8010688000.0,33.703759552365,11.8117282039,14.030920819119,6.784800428495,2.415,17.653830810024,1.55872,6.543744752309,27519744242.94,9.805097655037,1.090293577281,48.7022533699,3875375000.0,8021756000.0,1
01044.HK,恒安国际,2023-06-30,2023年中报,12204605000.0,8.9694831822,1225768000.0,-3.9510543484,3788550000.0,31.041971452579,10.0527710647,6.197116733613,2.701885883142,1.055,17.342101839571,1.55872,6.543744752309,27519744242.94,9.805097655037,1.090293577281,58.096510173,1938954000.0,10793612000.0,2
01044.HK,恒安国际,2022-12-31,2022年年报,22615878000.0,8.781728496,1925249000.0,-41.1886482195,7689499000.0,34.000444289627,8.619165703,9.98556377957,4.549803208059,1.657,16.89886049211,1.55872,6.543744752309,27519744242.94,9.805097655037,1.090293577281,53.2899733998,3809862000.0,6088603000.0,1
01044.HK,恒安国际,2022-06-30,2022年中报,11200021000.0,12.2931378795,1276191000.0,-31.3983503665,3942191000.0,35.198067932194,11.5322819484,6.597716544289,2.856805988688,1.098,17.007221725909,1.55872,6.543744752309,27519744242.94,9.805097655037,1.090293577281,57.6812076626,2124023000.0,20888836000.0,2
01044.HK,恒安国际,2021-12-31,2021年年报,20790144000.0,-7.0790065666,3273601000.0,-28.7544547495,7772318000.0,37.384628023741,15.8257874501,17.028528863207,7.548627624706,2.786,16.477707379724,1.55872,6.543744752309,27519744242.94,9.805097655037,1.090293577281,54.4119242382,4603606000.0,12339816000.0,1
01044.HK,恒安国际,2021-06-30,2021年中报,9973914000.0,-8.7295026237,1860292000.0,-17.6689998973,3930671000.0,39.409513657327,18.7343704788,9.59893161053,4.075607254235,1.574,16.747733651567,1.55872,6.543744752309,27519744242.94,9.805097655037,1.090293577281,58.1661652096,2214898000.0,17377234000.0,2
01044.HK,恒安国际,2020-12-31,2020年年报,22374001000.0,-0.5283635752,4594815000.0,17.58292489,9455855000.0,42.262691415809,20.5973084564,24.64743165165,10.480909492163,3.864,16.801729904108,1.55872,6.543744752309,27519744242.94,9.805097655037,1.090293577281,55.7581801009,5041666000.0,11607059000.0,1
02150.HK,奈雪的茶,2026-06-30,2026年中报,1892498000.0,-13.0937642356,-97493000.0,16.7274528729,1254610000.0,66.293861340937,-5.1560952772,-2.738610879639,-1.900398703036,-0.06,2.063078632391,,,1077965854.08,-4.336726950667,0.269438106368,29.7004452629,,,002
02150.HK,奈雪的茶,2025-12-31,2025年年报,4331223000.0,-11.9884963041,-239082000.0,73.9359655157,2860744000.0,66.049335257039,-5.6211144058,-6.313437027439,-4.155508362004,-0.14,2.164075375088,,,1221133194.075,-4.613278806236,0.30522285487,32.0803257301,273629000.0,1585137000.0,001
02150.HK,奈雪的茶,2025-06-30,2025年中报,2177632000.0,-14.4131000742,-117077000.0,73.0982394382,1434004000.0,65.851530469795,-5.477830965,-3.028184460163,-1.951610716031,-0.07,2.258319250824,,,1221133194.075,-4.613278806236,0.30522285487,35.0417986993,138165000.0,848718000.0,002
02150.HK,奈雪的茶,2024-12-31,2024年年报,4921201000.0,-4.702795632,-917287000.0,-7036.5320629159,3112191000.0,63.240477273739,-18.8217266476,-20.957628457541,-13.385663609552,-0.54,2.332542603723,,,1221133194.075,-4.613278806236,0.30522285487,36.4795341557,201606000.0,579122000.0,001
02150.HK,奈雪的茶,2024-06-30,2024年中报,2544352000.0,-1.9081317858,-435202000.0,-758.4193167721,1611385000.0,63.331842449472,-17.2932047138,-9.446190334434,-6.148950144352,-0.25,2.606011748301,,,1221133194.075,-4.613278806236,0.30522285487,33.7659333847,103791000.0,374088000.0,002
02150.HK,奈雪的茶,2023-12-31,2023年年报,5164056000.0,20.3297801792,13224000.0,102.8176516587,3464614000.0,67.090945566818,0.2162253856,0.275594505949,0.182651126404,0.01,2.864641090729,,,1221133194.075,-4.613278806236,0.30522285487,36.053856286,828490000.0,444346000.0,001
02150.HK,奈雪的茶,2023-06-30,2023年中报,2593846000.0,26.8417225483,66098000.0,126.0008260724,1768356000.0,68.175057424381,2.4999942171,1.361273861371,0.93061898806,0.04,2.93261504345,,,1221133194.075,-4.613278806236,0.30522285487,32.0474975532,388052000.0,671001000.0,002
02150.HK,奈雪的茶,2022-12-31,2022年年报,4291586000.0,-0.1171153684,-469327000.0,89.6270001631,2875492000.0,67.003014736277,-11.0869501392,-9.660731857657,-6.57866831472,-0.27,2.83302836397,,,1221133194.075,-4.613278806236,0.30522285487,31.3286741502,306628000.0,1387495000.0,001
02150.HK,奈雪的茶,2022-06-30,2022年中报,2044947000.0,-3.8091618386,-254215000.0,94.117072604,1396582000.0,68.294288311629,-12.5614502479,-5.183646661731,-3.531035092001,-0.15,2.887748909873,,,1221133194.075,-4.613278806236,0.30522285487,31.2600842266,102923000.0,3721623000.0,002
02150.HK,奈雪的茶,2021-12-31,2021年年报,4296618000.0,40.5418259501,-4524506000.0,-2141.2746690972,2895944000.0,67.400546197032,-105.3275855568,-200.198007491542,-85.026687670395,-3.28,2.935572317085,,,1221133194.075,-4.613278806236,0.30522285487,32.5446349745,506084000.0,4052806000.0,001
02150.HK,奈雪的茶,2021-06-30,2021年中报,2125927000.0,80.2389137816,-4321233000.0,-5702.2598187311,1457067000.0,68.537960146327,-203.2634704766,-181.272205539264,-81.531313619203,-3.9,3.082600054003,,,1221133194.075,-4.613278806236,0.30522285487,28.7395085774,377914000.0,4808714000.0,002
02150.HK,奈雪的茶,2020-12-31,2020年年报,3057181000.0,22.2134230925,-201872000.0,-423.6627756161,1897859000.0,32.015212707393,-6.6499824512,70.76089909302,-7.525156763227,-0.2,-0.251980968573,,,1221133194.075,-4.613278806236,0.30522285487,112.8063681671,574345000.0,501753000.0,001
06831.HK,绿茶集团,2026-06-30,2026年中报,2674754000.0,16.7823609671,290775000.0,24.4170125369,1839900000.0,68.78763430207,10.8785705153,17.44263994378,7.422982488118,0.46,2.402678209651,0.52,9.904761904762,3456887700.0,5.601695615823,1.897835291336,60.7940029507,,,002
06831.HK,绿茶集团,2025-12-31,2025年年报,4762967000.0,24.0937032496,486481000.0,38.9282827908,3254537000.0,68.330034619178,10.2121009866,38.56753089586,15.543159592469,0.8,2.660799192291,0.52,8.666666666667,3950728800.0,6.401937846655,2.16895461867,53.8012999424,1054948000.0,1199327000.0,001
06831.HK,绿茶集团,2025-06-30,2025年中报,2290375000.0,23.1499613405,233710000.0,33.9627075703,1556474000.0,69.73552365879,10.212301479,18.603536749567,7.680938842032,0.42,2.645284080244,0.52,8.267090620032,4141680692.0,6.711364842576,2.273787425239,51.8824205513,629934000.0,1130412000.0,002
06831.HK,绿茶集团,2024-12-31,2024年年报,3838202000.0,6.9381903043,350167000.0,18.4825896739,2550564000.0,68.920291323906,9.1232040419,59.087749020455,14.335393438626,0.66,1.170517702962,0.52,8.666666666667,3950728800.0,6.401937846655,2.16895461867,68.7083991892,733964000.0,247152000.0,001
06831.HK,绿茶集团,2024-09-30,2024年三季报,2919880000.0,6.9582497688,284586000.0,10.316195881,2004190000.0,68.639464635533,9.7464964314,50.917672486286,11.718808872308,0.53,1.068132543039,0.52,8.267090620032,4141680692.0,6.711364842576,2.273787425239,71.1270878269,593527000.0,207883000.0,004
06831.HK,绿茶集团,2024-06-30,2024年中报,1859826000.0,,174459000.0,,1270429000.0,68.309024607678,9.3803936497,,,0.33,,0.52,8.267090620032,4141680692.0,6.711364842576,2.273787425239,,331005000.0,177301000.0,002
06831.HK,绿茶集团,2023-12-31,2023年年报,3589178000.0,51.0944649294,295543000.0,1682.6346583027,2383959000.0,66.420751492403,8.2342809412,66.974637188517,13.958204683465,0.55,0.629520811451,0.52,8.267090620032,4141680692.0,6.711364842576,2.273787425239,82.8785495604,793239000.0,356289000.0,001
06831.HK,绿茶集团,2023-09-30,2023年三季报,2729925000.0,,257973000.0,,1809948000.0,66.300282974807,9.44982005,,,0.48,,0.52,8.267090620032,4141680692.0,6.711364842576,2.273787425239,,688608000.0,383922000.0,004
06831.HK,绿茶集团,2022-12-31,2022年年报,2375453000.0,3.6104066947,16579000.0,-85.4386242271,1513137000.0,63.698881855377,0.6979300369,3.605306078069,0.946337487271,0.03,0.710817204157,0.52,8.267090620032,4141680692.0,6.711364842576,2.273787425239,74.1938631987,347612000.0,134410000.0,001
06831.HK,绿茶集团,2021-12-31,2021年年报,2292678000.0,46.0788286566,113856000.0,306.0294596649,1446635000.0,,4.9660702462,29.238828967643,7.212608381388,0.21,0.685937743942,0.52,8.267090620032,4141680692.0,6.711364842576,2.273787425239,73.276876572,376960000.0,131218000.0,001
06831.HK,绿茶集团,2021-09-30,2021年三季报,1693953000.0,58.247551252,94850000.0,408.5355539653,1693953000.0,,5.599328907,24.983570372146,6.105094519543,0.18,0.656321436187,0.52,8.267090620032,4141680692.0,6.711364842576,2.273787425239,73.6528545108,334806000.0,185277000.0,004
06831.HK,绿茶集团,2020-12-31,2020年年报,1569480000.0,-9.6178852331,-55262000.0,-152.1005392767,1569480000.0,,-3.5210388154,-16.555348013715,-3.77548238821,-0.1,0.496831369443,0.52,8.267090620032,4141680692.0,6.711364842576,2.273787425239,77.6999239943,272469000.0,148864000.0,001
09985.HK,卫龙美味,2026-06-30,2026年中报,3714910000.0,6.6603310139,766565000.0,4.5764161638,1775720000.0,47.799812108503,20.6068518484,10.365100495089,6.962681646774,0.32,3.082568789945,0.3935,4.897324206596,19527765653.23,11.787133980883,2.263955721853,29.6767502106,,,002
09985.HK,卫龙美味,2025-12-31,2025年年报,7223759000.0,15.2790167636,1425204000.0,33.3821239256,3466361000.0,47.985557103995,19.7579819593,21.436575957305,14.591159708814,0.6,3.003527108607,0.3935,4.993654822335,19151063266.64,11.559753051569,2.220282649434,35.6057356283,1494379000.0,1690604000.0,001
09985.HK,卫龙美味,2025-06-30,2025年中报,3482935000.0,18.5216403864,733019000.0,18.0004829363,1642416000.0,47.156091055389,21.1374602167,11.234303800805,8.264512567343,0.31,2.901779531834,0.3935,4.993654822335,19151063266.64,11.559753051569,2.220282649434,26.0757659153,250810000.0,1414136000.0,002
09985.HK,卫龙美味,2024-12-31,2024年年报,6266326000.0,28.6279888646,1068512000.0,21.3729931369,3016132000.0,48.132382515688,17.0451872437,18.260135393496,14.026186339829,0.46,2.467702457144,0.3935,4.993654822335,19151063266.64,11.559753051569,2.220282649434,26.5934144365,1308750000.0,841717000.0,001
09985.HK,卫龙美味,2024-06-30,2024年中报,2938649000.0,26.2697338824,621200000.0,38.94915785,1462285000.0,49.760451146088,21.1389655587,10.719450816237,8.640708838574,0.27,2.421176006492,0.3935,4.993654822335,19151063266.64,11.559753051569,2.220282649434,19.6675342093,730127000.0,451797000.0,002
09985.HK,卫龙美味,2023-12-31,2023年年报,4871666000.0,5.1691186582,880354000.0,481.8714184683,2322683000.0,47.677385929167,18.0709022334,15.678217163202,12.590982431844,0.38,2.347768109477,0.3935,4.993654822335,19151063266.64,11.559753051569,2.220282649434,19.1063615379,1155715000.0,526193000.0,001
09985.HK,卫龙美味,2023-06-30,2023年中报,2327279000.0,2.9528486474,447070000.0,271.4028294291,1106202000.0,47.531989073936,19.2099872856,8.091873085721,6.30660019206,0.19,2.273527406483,0.3935,4.993654822335,19151063266.64,11.559753051569,2.220282649434,23.7608502782,498723000.0,774456000.0,002
09985.HK,卫龙美味,2022-12-31,2022年年报,4632221000.0,-3.499416691,151297000.0,-81.6993234784,1959605000.0,42.303789046334,3.2661869976,3.291089595219,2.49645984085,0.07,2.273104420047,0.3935,4.993654822335,19151063266.64,11.559753051569,2.220282649434,20.2865085165,1202944000.0,1314453000.0,001
09985.HK,卫龙美味,2022-06-30,2022年中报,2260529000.0,-1.8374252337,-260830000.0,-172.9418936983,861548000.0,38.112671856897,-11.5384496284,-6.682791830253,-4.695415880399,-0.13,1.701857946278,0.3935,4.993654822335,19151063266.64,11.559753051569,2.220282649434,30.126485878,447159000.0,180855000.0,002
09985.HK,卫龙美味,2021-12-31,2021年年报,4800200000.0,16.4996139898,826729000.0,0.9728077932,1793031000.0,37.353256114329,17.2228032165,31.184417466509,20.335030442443,0.41,1.510048821695,0.3935,4.993654822335,19151063266.64,11.559753051569,2.220282649434,29.2964825379,889126000.0,494275000.0,001
09985.HK,卫龙美味,2021-06-30,2021年中报,2302842000.0,22.0639822409,357586000.0,-2.5327220493,849704000.0,36.898059007088,15.5280301471,14.864247238357,9.812067944096,0.18,1.308086788248,0.3935,4.993654822335,19151063266.64,11.559753051569,2.220282649434,26.8872327777,450865000.0,1316707000.0,002
09985.HK,卫龙美味,2020-12-31,2020年年报,4120357000.0,21.7324033626,818764000.0,24.4135000965,1565665000.0,37.998285100053,19.871190773,66.935822417701,35.719952508,0.41,0.671620167555,0.3935,4.993654822335,19151063266.64,11.559753051569,2.220282649434,44.4901246152,706401000.0,161740000.0,001
